
============================================================
  Training DivPO adapter: systems_thinker
============================================================

  GPU 0: NVIDIA GeForce RTX 5060 Ti
  GPUs available: 1
Loading DivPO dataset from local file data/processed/divpo_v2_1p5b/systems_thinker.jsonl...
  291 preference pairs
Loading SFT adapter from outputs/adapters/sft_1p5b/systems_thinker ...
Loading weights:   0%|          | 0/338 [00:00<?, ?it/s]Loading weights:   0%|          | 1/338 [00:00<00:34,  9.68it/s]Loading weights:  33%|███▎      | 111/338 [00:00<00:00, 617.04it/s]Loading weights:  58%|█████▊    | 196/338 [00:00<00:00, 718.14it/s]Loading weights:  83%|████████▎ | 280/338 [00:00<00:00, 762.88it/s]Loading weights: 100%|██████████| 338/338 [00:00<00:00, 718.03it/s]
Loading weights:   0%|          | 0/338 [00:00<?, ?it/s]Loading weights:  25%|██▌       | 85/338 [00:00<00:00, 828.19it/s]Loading weights:  50%|████▉     | 168/338 [00:00<00:00, 804.62it/s]Loading weights:  74%|███████▎  | 249/338 [00:00<00:00, 785.86it/s]Loading weights:  97%|█████████▋| 328/338 [00:00<00:00, 776.34it/s]Loading weights: 100%|██████████| 338/338 [00:00<00:00, 802.77it/s]
/venv/main/lib/python3.14/site-packages/peft/mapping_func.py:72: UserWarning: You are trying to modify a model with PEFT for a second time. If you want to reload the model with a different config, make sure to call `.unload()` before.
  warnings.warn(
/venv/main/lib/python3.14/site-packages/peft/tuners/tuners_utils.py:302: UserWarning: Already found a `peft_config` attribute in the model. This will lead to having multiple adapters in the model. Make sure to know what you are doing!
  warnings.warn(
trainable params: 18,464,768 || all params: 1,562,179,072 || trainable%: 1.1820
Adding EOS to train dataset:   0%|          | 0/291 [00:00<?, ? examples/s]Adding EOS to train dataset: 100%|██████████| 291/291 [00:00<00:00, 25967.88 examples/s]
Tokenizing train dataset:   0%|          | 0/291 [00:00<?, ? examples/s][RANK 0] Mismatch between tokenized prompt and the start of tokenized prompt+chosen. This may be due to unexpected tokenizer behavior, whitespace issues, or special token handling. Verify that the tokenizer is processing text consistently.
[RANK 0] Mismatch between tokenized prompt and the start of tokenized prompt+rejected. This may be due to unexpected tokenizer behavior, whitespace issues, or special token handling. Verify that the tokenizer is processing text consistently.
[RANK 0] Mismatch between tokenized prompt and the start of tokenized prompt+chosen. This may be due to unexpected tokenizer behavior, whitespace issues, or special token handling. Verify that the tokenizer is processing text consistently.
[RANK 0] Mismatch between tokenized prompt and the start of tokenized prompt+rejected. This may be due to unexpected tokenizer behavior, whitespace issues, or special token handling. Verify that the tokenizer is processing text consistently.
[RANK 0] Mismatch between tokenized prompt and the start of tokenized prompt+chosen. This may be due to unexpected tokenizer behavior, whitespace issues, or special token handling. Verify that the tokenizer is processing text consistently.
[RANK 0] Mismatch between tokenized prompt and the start of tokenized prompt+rejected. This may be due to unexpected tokenizer behavior, whitespace issues, or special token handling. Verify that the tokenizer is processing text consistently.
[RANK 0] Mismatch between tokenized prompt and the start of tokenized prompt+chosen. This may be due to unexpected tokenizer behavior, whitespace issues, or special token handling. Verify that the tokenizer is processing text consistently.
[RANK 0] Mismatch between tokenized prompt and the start of tokenized prompt+rejected. This may be due to unexpected tokenizer behavior, whitespace issues, or special token handling. Verify that the tokenizer is processing text consistently.
[RANK 0] Mismatch between tokenized prompt and the start of tokenized prompt+chosen. This may be due to unexpected tokenizer behavior, whitespace issues, or special token handling. Verify that the tokenizer is processing text consistently.
[RANK 0] Mismatch between tokenized prompt and the start of tokenized prompt+rejected. This may be due to unexpected tokenizer behavior, whitespace issues, or special token handling. Verify that the tokenizer is processing text consistently.
[RANK 0] Mismatch between tokenized prompt and the start of tokenized prompt+chosen. This may be due to unexpected tokenizer behavior, whitespace issues, or special token handling. Verify that the tokenizer is processing text consistently.
[RANK 0] Mismatch between tokenized prompt and the start of tokenized prompt+rejected. This may be due to unexpected tokenizer behavior, whitespace issues, or special token handling. Verify that the tokenizer is processing text consistently.
[RANK 0] Mismatch between tokenized prompt and the start of tokenized prompt+chosen. This may be due to unexpected tokenizer behavior, whitespace issues, or special token handling. Verify that the tokenizer is processing text consistently.
[RANK 0] Mismatch between tokenized prompt and the start of tokenized prompt+rejected. This may be due to unexpected tokenizer behavior, whitespace issues, or special token handling. Verify that the tokenizer is processing text consistently.
[RANK 0] Mismatch between tokenized prompt and the start of tokenized prompt+chosen. This may be due to unexpected tokenizer behavior, whitespace issues, or special token handling. Verify that the tokenizer is processing text consistently.
[RANK 0] Mismatch between tokenized prompt and the start of tokenized prompt+rejected. This may be due to unexpected tokenizer behavior, whitespace issues, or special token handling. Verify that the tokenizer is processing text consistently.
[RANK 0] Mismatch between tokenized prompt and the start of tokenized prompt+chosen. This may be due to unexpected tokenizer behavior, whitespace issues, or special token handling. Verify that the tokenizer is processing text consistently.
[RANK 0] Mismatch between tokenized prompt and the start of tokenized prompt+rejected. This may be due to unexpected tokenizer behavior, whitespace issues, or special token handling. Verify that the tokenizer is processing text consistently.
[RANK 0] Mismatch between tokenized prompt and the start of tokenized prompt+chosen. This may be due to unexpected tokenizer behavior, whitespace issues, or special token handling. Verify that the tokenizer is processing text consistently.
[RANK 0] Mismatch between tokenized prompt and the start of tokenized prompt+rejected. This may be due to unexpected tokenizer behavior, whitespace issues, or special token handling. Verify that the tokenizer is processing text consistently.
[RANK 0] Mismatch between tokenized prompt and the start of tokenized prompt+chosen. This may be due to unexpected tokenizer behavior, whitespace issues, or special token handling. Verify that the tokenizer is processing text consistently.
[RANK 0] Mismatch between tokenized prompt and the start of tokenized prompt+rejected. This may be due to unexpected tokenizer behavior, whitespace issues, or special token handling. Verify that the tokenizer is processing text consistently.
[RANK 0] Mismatch between tokenized prompt and the start of tokenized prompt+chosen. This may be due to unexpected tokenizer behavior, whitespace issues, or special token handling. Verify that the tokenizer is processing text consistently.
[RANK 0] Mismatch between tokenized prompt and the start of tokenized prompt+rejected. This may be due to unexpected tokenizer behavior, whitespace issues, or special token handling. Verify that the tokenizer is processing text consistently.
[RANK 0] Mismatch between tokenized prompt and the start of tokenized prompt+chosen. This may be due to unexpected tokenizer behavior, whitespace issues, or special token handling. Verify that the tokenizer is processing text consistently.
[RANK 0] Mismatch between tokenized prompt and the start of tokenized prompt+rejected. This may be due to unexpected tokenizer behavior, whitespace issues, or special token handling. Verify that the tokenizer is processing text consistently.
[RANK 0] Mismatch between tokenized prompt and the start of tokenized prompt+chosen. This may be due to unexpected tokenizer behavior, whitespace issues, or special token handling. Verify that the tokenizer is processing text consistently.
[RANK 0] Mismatch between tokenized prompt and the start of tokenized prompt+rejected. This may be due to unexpected tokenizer behavior, whitespace issues, or special token handling. Verify that the tokenizer is processing text consistently.
[RANK 0] Mismatch between tokenized prompt and the start of tokenized prompt+chosen. This may be due to unexpected tokenizer behavior, whitespace issues, or special token handling. Verify that the tokenizer is processing text consistently.
[RANK 0] Mismatch between tokenized prompt and the start of tokenized prompt+rejected. This may be due to unexpected tokenizer behavior, whitespace issues, or special token handling. Verify that the tokenizer is processing text consistently.
[RANK 0] Mismatch between tokenized prompt and the start of tokenized prompt+chosen. This may be due to unexpected tokenizer behavior, whitespace issues, or special token handling. Verify that the tokenizer is processing text consistently.
[RANK 0] Mismatch between tokenized prompt and the start of tokenized prompt+rejected. This may be due to unexpected tokenizer behavior, whitespace issues, or special token handling. Verify that the tokenizer is processing text consistently.
[RANK 0] Mismatch between tokenized prompt and the start of tokenized prompt+chosen. This may be due to unexpected tokenizer behavior, whitespace issues, or special token handling. Verify that the tokenizer is processing text consistently.
[RANK 0] Mismatch between tokenized prompt and the start of tokenized prompt+rejected. This may be due to unexpected tokenizer behavior, whitespace issues, or special token handling. Verify that the tokenizer is processing text consistently.
[RANK 0] Mismatch between tokenized prompt and the start of tokenized prompt+chosen. This may be due to unexpected tokenizer behavior, whitespace issues, or special token handling. Verify that the tokenizer is processing text consistently.
[RANK 0] Mismatch between tokenized prompt and the start of tokenized prompt+rejected. This may be due to unexpected tokenizer behavior, whitespace issues, or special token handling. Verify that the tokenizer is processing text consistently.
[RANK 0] Mismatch between tokenized prompt and the start of tokenized prompt+chosen. This may be due to unexpected tokenizer behavior, whitespace issues, or special token handling. Verify that the tokenizer is processing text consistently.
[RANK 0] Mismatch between tokenized prompt and the start of tokenized prompt+rejected. This may be due to unexpected tokenizer behavior, whitespace issues, or special token handling. Verify that the tokenizer is processing text consistently.
[RANK 0] Mismatch between tokenized prompt and the start of tokenized prompt+chosen. This may be due to unexpected tokenizer behavior, whitespace issues, or special token handling. Verify that the tokenizer is processing text consistently.
[RANK 0] Mismatch between tokenized prompt and the start of tokenized prompt+rejected. This may be due to unexpected tokenizer behavior, whitespace issues, or special token handling. Verify that the tokenizer is processing text consistently.
[RANK 0] Mismatch between tokenized prompt and the start of tokenized prompt+chosen. This may be due to unexpected tokenizer behavior, whitespace issues, or special token handling. Verify that the tokenizer is processing text consistently.
[RANK 0] Mismatch between tokenized prompt and the start of tokenized prompt+rejected. This may be due to unexpected tokenizer behavior, whitespace issues, or special token handling. Verify that the tokenizer is processing text consistently.
[RANK 0] Mismatch between tokenized prompt and the start of tokenized prompt+chosen. This may be due to unexpected tokenizer behavior, whitespace issues, or special token handling. Verify that the tokenizer is processing text consistently.
[RANK 0] Mismatch between tokenized prompt and the start of tokenized prompt+rejected. This may be due to unexpected tokenizer behavior, whitespace issues, or special token handling. Verify that the tokenizer is processing text consistently.
[RANK 0] Mismatch between tokenized prompt and the start of tokenized prompt+chosen. This may be due to unexpected tokenizer behavior, whitespace issues, or special token handling. Verify that the tokenizer is processing text consistently.
[RANK 0] Mismatch between tokenized prompt and the start of tokenized prompt+rejected. This may be due to unexpected tokenizer behavior, whitespace issues, or special token handling. Verify that the tokenizer is processing text consistently.
[RANK 0] Mismatch between tokenized prompt and the start of tokenized prompt+chosen. This may be due to unexpected tokenizer behavior, whitespace issues, or special token handling. Verify that the tokenizer is processing text consistently.
[RANK 0] Mismatch between tokenized prompt and the start of tokenized prompt+rejected. This may be due to unexpected tokenizer behavior, whitespace issues, or special token handling. Verify that the tokenizer is processing text consistently.
[RANK 0] Mismatch between tokenized prompt and the start of tokenized prompt+chosen. This may be due to unexpected tokenizer behavior, whitespace issues, or special token handling. Verify that the tokenizer is processing text consistently.
[RANK 0] Mismatch between tokenized prompt and the start of tokenized prompt+rejected. This may be due to unexpected tokenizer behavior, whitespace issues, or special token handling. Verify that the tokenizer is processing text consistently.
[RANK 0] Mismatch between tokenized prompt and the start of tokenized prompt+chosen. This may be due to unexpected tokenizer behavior, whitespace issues, or special token handling. Verify that the tokenizer is processing text consistently.
[RANK 0] Mismatch between tokenized prompt and the start of tokenized prompt+rejected. This may be due to unexpected tokenizer behavior, whitespace issues, or special token handling. Verify that the tokenizer is processing text consistently.
[RANK 0] Mismatch between tokenized prompt and the start of tokenized prompt+chosen. This may be due to unexpected tokenizer behavior, whitespace issues, or special token handling. Verify that the tokenizer is processing text consistently.
[RANK 0] Mismatch between tokenized prompt and the start of tokenized prompt+rejected. This may be due to unexpected tokenizer behavior, whitespace issues, or special token handling. Verify that the tokenizer is processing text consistently.
[RANK 0] Mismatch between tokenized prompt and the start of tokenized prompt+chosen. This may be due to unexpected tokenizer behavior, whitespace issues, or special token handling. Verify that the tokenizer is processing text consistently.
[RANK 0] Mismatch between tokenized prompt and the start of tokenized prompt+rejected. This may be due to unexpected tokenizer behavior, whitespace issues, or special token handling. Verify that the tokenizer is processing text consistently.
[RANK 0] Mismatch between tokenized prompt and the start of tokenized prompt+chosen. This may be due to unexpected tokenizer behavior, whitespace issues, or special token handling. Verify that the tokenizer is processing text consistently.
[RANK 0] Mismatch between tokenized prompt and the start of tokenized prompt+rejected. This may be due to unexpected tokenizer behavior, whitespace issues, or special token handling. Verify that the tokenizer is processing text consistently.
[RANK 0] Mismatch between tokenized prompt and the start of tokenized prompt+chosen. This may be due to unexpected tokenizer behavior, whitespace issues, or special token handling. Verify that the tokenizer is processing text consistently.
[RANK 0] Mismatch between tokenized prompt and the start of tokenized prompt+rejected. This may be due to unexpected tokenizer behavior, whitespace issues, or special token handling. Verify that the tokenizer is processing text consistently.
[RANK 0] Mismatch between tokenized prompt and the start of tokenized prompt+chosen. This may be due to unexpected tokenizer behavior, whitespace issues, or special token handling. Verify that the tokenizer is processing text consistently.
[RANK 0] Mismatch between tokenized prompt and the start of tokenized prompt+rejected. This may be due to unexpected tokenizer behavior, whitespace issues, or special token handling. Verify that the tokenizer is processing text consistently.
[RANK 0] Mismatch between tokenized prompt and the start of tokenized prompt+chosen. This may be due to unexpected tokenizer behavior, whitespace issues, or special token handling. Verify that the tokenizer is processing text consistently.
[RANK 0] Mismatch between tokenized prompt and the start of tokenized prompt+rejected. This may be due to unexpected tokenizer behavior, whitespace issues, or special token handling. Verify that the tokenizer is processing text consistently.
[RANK 0] Mismatch between tokenized prompt and the start of tokenized prompt+chosen. This may be due to unexpected tokenizer behavior, whitespace issues, or special token handling. Verify that the tokenizer is processing text consistently.
[RANK 0] Mismatch between tokenized prompt and the start of tokenized prompt+rejected. This may be due to unexpected tokenizer behavior, whitespace issues, or special token handling. Verify that the tokenizer is processing text consistently.
[RANK 0] Mismatch between tokenized prompt and the start of tokenized prompt+chosen. This may be due to unexpected tokenizer behavior, whitespace issues, or special token handling. Verify that the tokenizer is processing text consistently.
[RANK 0] Mismatch between tokenized prompt and the start of tokenized prompt+rejected. This may be due to unexpected tokenizer behavior, whitespace issues, or special token handling. Verify that the tokenizer is processing text consistently.
[RANK 0] Mismatch between tokenized prompt and the start of tokenized prompt+chosen. This may be due to unexpected tokenizer behavior, whitespace issues, or special token handling. Verify that the tokenizer is processing text consistently.
[RANK 0] Mismatch between tokenized prompt and the start of tokenized prompt+rejected. This may be due to unexpected tokenizer behavior, whitespace issues, or special token handling. Verify that the tokenizer is processing text consistently.
[RANK 0] Mismatch between tokenized prompt and the start of tokenized prompt+chosen. This may be due to unexpected tokenizer behavior, whitespace issues, or special token handling. Verify that the tokenizer is processing text consistently.
[RANK 0] Mismatch between tokenized prompt and the start of tokenized prompt+rejected. This may be due to unexpected tokenizer behavior, whitespace issues, or special token handling. Verify that the tokenizer is processing text consistently.
[RANK 0] Mismatch between tokenized prompt and the start of tokenized prompt+chosen. This may be due to unexpected tokenizer behavior, whitespace issues, or special token handling. Verify that the tokenizer is processing text consistently.
[RANK 0] Mismatch between tokenized prompt and the start of tokenized prompt+rejected. This may be due to unexpected tokenizer behavior, whitespace issues, or special token handling. Verify that the tokenizer is processing text consistently.
[RANK 0] Mismatch between tokenized prompt and the start of tokenized prompt+chosen. This may be due to unexpected tokenizer behavior, whitespace issues, or special token handling. Verify that the tokenizer is processing text consistently.
[RANK 0] Mismatch between tokenized prompt and the start of tokenized prompt+rejected. This may be due to unexpected tokenizer behavior, whitespace issues, or special token handling. Verify that the tokenizer is processing text consistently.
[RANK 0] Mismatch between tokenized prompt and the start of tokenized prompt+chosen. This may be due to unexpected tokenizer behavior, whitespace issues, or special token handling. Verify that the tokenizer is processing text consistently.
[RANK 0] Mismatch between tokenized prompt and the start of tokenized prompt+rejected. This may be due to unexpected tokenizer behavior, whitespace issues, or special token handling. Verify that the tokenizer is processing text consistently.
[RANK 0] Mismatch between tokenized prompt and the start of tokenized prompt+chosen. This may be due to unexpected tokenizer behavior, whitespace issues, or special token handling. Verify that the tokenizer is processing text consistently.
[RANK 0] Mismatch between tokenized prompt and the start of tokenized prompt+rejected. This may be due to unexpected tokenizer behavior, whitespace issues, or special token handling. Verify that the tokenizer is processing text consistently.
[RANK 0] Mismatch between tokenized prompt and the start of tokenized prompt+chosen. This may be due to unexpected tokenizer behavior, whitespace issues, or special token handling. Verify that the tokenizer is processing text consistently.
[RANK 0] Mismatch between tokenized prompt and the start of tokenized prompt+rejected. This may be due to unexpected tokenizer behavior, whitespace issues, or special token handling. Verify that the tokenizer is processing text consistently.
[RANK 0] Mismatch between tokenized prompt and the start of tokenized prompt+chosen. This may be due to unexpected tokenizer behavior, whitespace issues, or special token handling. Verify that the tokenizer is processing text consistently.
[RANK 0] Mismatch between tokenized prompt and the start of tokenized prompt+rejected. This may be due to unexpected tokenizer behavior, whitespace issues, or special token handling. Verify that the tokenizer is processing text consistently.
[RANK 0] Mismatch between tokenized prompt and the start of tokenized prompt+chosen. This may be due to unexpected tokenizer behavior, whitespace issues, or special token handling. Verify that the tokenizer is processing text consistently.
[RANK 0] Mismatch between tokenized prompt and the start of tokenized prompt+rejected. This may be due to unexpected tokenizer behavior, whitespace issues, or special token handling. Verify that the tokenizer is processing text consistently.
[RANK 0] Mismatch between tokenized prompt and the start of tokenized prompt+chosen. This may be due to unexpected tokenizer behavior, whitespace issues, or special token handling. Verify that the tokenizer is processing text consistently.
[RANK 0] Mismatch between tokenized prompt and the start of tokenized prompt+rejected. This may be due to unexpected tokenizer behavior, whitespace issues, or special token handling. Verify that the tokenizer is processing text consistently.
[RANK 0] Mismatch between tokenized prompt and the start of tokenized prompt+chosen. This may be due to unexpected tokenizer behavior, whitespace issues, or special token handling. Verify that the tokenizer is processing text consistently.
[RANK 0] Mismatch between tokenized prompt and the start of tokenized prompt+rejected. This may be due to unexpected tokenizer behavior, whitespace issues, or special token handling. Verify that the tokenizer is processing text consistently.
[RANK 0] Mismatch between tokenized prompt and the start of tokenized prompt+chosen. This may be due to unexpected tokenizer behavior, whitespace issues, or special token handling. Verify that the tokenizer is processing text consistently.
[RANK 0] Mismatch between tokenized prompt and the start of tokenized prompt+rejected. This may be due to unexpected tokenizer behavior, whitespace issues, or special token handling. Verify that the tokenizer is processing text consistently.
[RANK 0] Mismatch between tokenized prompt and the start of tokenized prompt+chosen. This may be due to unexpected tokenizer behavior, whitespace issues, or special token handling. Verify that the tokenizer is processing text consistently.
[RANK 0] Mismatch between tokenized prompt and the start of tokenized prompt+rejected. This may be due to unexpected tokenizer behavior, whitespace issues, or special token handling. Verify that the tokenizer is processing text consistently.
[RANK 0] Mismatch between tokenized prompt and the start of tokenized prompt+chosen. This may be due to unexpected tokenizer behavior, whitespace issues, or special token handling. Verify that the tokenizer is processing text consistently.
[RANK 0] Mismatch between tokenized prompt and the start of tokenized prompt+rejected. This may be due to unexpected tokenizer behavior, whitespace issues, or special token handling. Verify that the tokenizer is processing text consistently.
[RANK 0] Mismatch between tokenized prompt and the start of tokenized prompt+chosen. This may be due to unexpected tokenizer behavior, whitespace issues, or special token handling. Verify that the tokenizer is processing text consistently.
[RANK 0] Mismatch between tokenized prompt and the start of tokenized prompt+rejected. This may be due to unexpected tokenizer behavior, whitespace issues, or special token handling. Verify that the tokenizer is processing text consistently.
[RANK 0] Mismatch between tokenized prompt and the start of tokenized prompt+chosen. This may be due to unexpected tokenizer behavior, whitespace issues, or special token handling. Verify that the tokenizer is processing text consistently.
[RANK 0] Mismatch between tokenized prompt and the start of tokenized prompt+rejected. This may be due to unexpected tokenizer behavior, whitespace issues, or special token handling. Verify that the tokenizer is processing text consistently.
[RANK 0] Mismatch between tokenized prompt and the start of tokenized prompt+chosen. This may be due to unexpected tokenizer behavior, whitespace issues, or special token handling. Verify that the tokenizer is processing text consistently.
[RANK 0] Mismatch between tokenized prompt and the start of tokenized prompt+rejected. This may be due to unexpected tokenizer behavior, whitespace issues, or special token handling. Verify that the tokenizer is processing text consistently.
[RANK 0] Mismatch between tokenized prompt and the start of tokenized prompt+chosen. This may be due to unexpected tokenizer behavior, whitespace issues, or special token handling. Verify that the tokenizer is processing text consistently.
[RANK 0] Mismatch between tokenized prompt and the start of tokenized prompt+rejected. This may be due to unexpected tokenizer behavior, whitespace issues, or special token handling. Verify that the tokenizer is processing text consistently.
[RANK 0] Mismatch between tokenized prompt and the start of tokenized prompt+chosen. This may be due to unexpected tokenizer behavior, whitespace issues, or special token handling. Verify that the tokenizer is processing text consistently.
[RANK 0] Mismatch between tokenized prompt and the start of tokenized prompt+rejected. This may be due to unexpected tokenizer behavior, whitespace issues, or special token handling. Verify that the tokenizer is processing text consistently.
[RANK 0] Mismatch between tokenized prompt and the start of tokenized prompt+chosen. This may be due to unexpected tokenizer behavior, whitespace issues, or special token handling. Verify that the tokenizer is processing text consistently.
[RANK 0] Mismatch between tokenized prompt and the start of tokenized prompt+rejected. This may be due to unexpected tokenizer behavior, whitespace issues, or special token handling. Verify that the tokenizer is processing text consistently.
[RANK 0] Mismatch between tokenized prompt and the start of tokenized prompt+chosen. This may be due to unexpected tokenizer behavior, whitespace issues, or special token handling. Verify that the tokenizer is processing text consistently.
[RANK 0] Mismatch between tokenized prompt and the start of tokenized prompt+rejected. This may be due to unexpected tokenizer behavior, whitespace issues, or special token handling. Verify that the tokenizer is processing text consistently.
[RANK 0] Mismatch between tokenized prompt and the start of tokenized prompt+chosen. This may be due to unexpected tokenizer behavior, whitespace issues, or special token handling. Verify that the tokenizer is processing text consistently.
[RANK 0] Mismatch between tokenized prompt and the start of tokenized prompt+rejected. This may be due to unexpected tokenizer behavior, whitespace issues, or special token handling. Verify that the tokenizer is processing text consistently.
[RANK 0] Mismatch between tokenized prompt and the start of tokenized prompt+chosen. This may be due to unexpected tokenizer behavior, whitespace issues, or special token handling. Verify that the tokenizer is processing text consistently.
[RANK 0] Mismatch between tokenized prompt and the start of tokenized prompt+rejected. This may be due to unexpected tokenizer behavior, whitespace issues, or special token handling. Verify that the tokenizer is processing text consistently.
[RANK 0] Mismatch between tokenized prompt and the start of tokenized prompt+chosen. This may be due to unexpected tokenizer behavior, whitespace issues, or special token handling. Verify that the tokenizer is processing text consistently.
[RANK 0] Mismatch between tokenized prompt and the start of tokenized prompt+rejected. This may be due to unexpected tokenizer behavior, whitespace issues, or special token handling. Verify that the tokenizer is processing text consistently.
[RANK 0] Mismatch between tokenized prompt and the start of tokenized prompt+chosen. This may be due to unexpected tokenizer behavior, whitespace issues, or special token handling. Verify that the tokenizer is processing text consistently.
[RANK 0] Mismatch between tokenized prompt and the start of tokenized prompt+rejected. This may be due to unexpected tokenizer behavior, whitespace issues, or special token handling. Verify that the tokenizer is processing text consistently.
Tokenizing train dataset:  30%|██▉       | 86/291 [00:00<00:00, 847.65 examples/s][RANK 0] Mismatch between tokenized prompt and the start of tokenized prompt+chosen. This may be due to unexpected tokenizer behavior, whitespace issues, or special token handling. Verify that the tokenizer is processing text consistently.
[RANK 0] Mismatch between tokenized prompt and the start of tokenized prompt+rejected. This may be due to unexpected tokenizer behavior, whitespace issues, or special token handling. Verify that the tokenizer is processing text consistently.
[RANK 0] Mismatch between tokenized prompt and the start of tokenized prompt+chosen. This may be due to unexpected tokenizer behavior, whitespace issues, or special token handling. Verify that the tokenizer is processing text consistently.
[RANK 0] Mismatch between tokenized prompt and the start of tokenized prompt+rejected. This may be due to unexpected tokenizer behavior, whitespace issues, or special token handling. Verify that the tokenizer is processing text consistently.
[RANK 0] Mismatch between tokenized prompt and the start of tokenized prompt+chosen. This may be due to unexpected tokenizer behavior, whitespace issues, or special token handling. Verify that the tokenizer is processing text consistently.
[RANK 0] Mismatch between tokenized prompt and the start of tokenized prompt+rejected. This may be due to unexpected tokenizer behavior, whitespace issues, or special token handling. Verify that the tokenizer is processing text consistently.
[RANK 0] Mismatch between tokenized prompt and the start of tokenized prompt+chosen. This may be due to unexpected tokenizer behavior, whitespace issues, or special token handling. Verify that the tokenizer is processing text consistently.
[RANK 0] Mismatch between tokenized prompt and the start of tokenized prompt+rejected. This may be due to unexpected tokenizer behavior, whitespace issues, or special token handling. Verify that the tokenizer is processing text consistently.
[RANK 0] Mismatch between tokenized prompt and the start of tokenized prompt+chosen. This may be due to unexpected tokenizer behavior, whitespace issues, or special token handling. Verify that the tokenizer is processing text consistently.
[RANK 0] Mismatch between tokenized prompt and the start of tokenized prompt+rejected. This may be due to unexpected tokenizer behavior, whitespace issues, or special token handling. Verify that the tokenizer is processing text consistently.
[RANK 0] Mismatch between tokenized prompt and the start of tokenized prompt+chosen. This may be due to unexpected tokenizer behavior, whitespace issues, or special token handling. Verify that the tokenizer is processing text consistently.
[RANK 0] Mismatch between tokenized prompt and the start of tokenized prompt+rejected. This may be due to unexpected tokenizer behavior, whitespace issues, or special token handling. Verify that the tokenizer is processing text consistently.
[RANK 0] Mismatch between tokenized prompt and the start of tokenized prompt+chosen. This may be due to unexpected tokenizer behavior, whitespace issues, or special token handling. Verify that the tokenizer is processing text consistently.
[RANK 0] Mismatch between tokenized prompt and the start of tokenized prompt+rejected. This may be due to unexpected tokenizer behavior, whitespace issues, or special token handling. Verify that the tokenizer is processing text consistently.
[RANK 0] Mismatch between tokenized prompt and the start of tokenized prompt+chosen. This may be due to unexpected tokenizer behavior, whitespace issues, or special token handling. Verify that the tokenizer is processing text consistently.
[RANK 0] Mismatch between tokenized prompt and the start of tokenized prompt+rejected. This may be due to unexpected tokenizer behavior, whitespace issues, or special token handling. Verify that the tokenizer is processing text consistently.
[RANK 0] Mismatch between tokenized prompt and the start of tokenized prompt+chosen. This may be due to unexpected tokenizer behavior, whitespace issues, or special token handling. Verify that the tokenizer is processing text consistently.
[RANK 0] Mismatch between tokenized prompt and the start of tokenized prompt+rejected. This may be due to unexpected tokenizer behavior, whitespace issues, or special token handling. Verify that the tokenizer is processing text consistently.
[RANK 0] Mismatch between tokenized prompt and the start of tokenized prompt+chosen. This may be due to unexpected tokenizer behavior, whitespace issues, or special token handling. Verify that the tokenizer is processing text consistently.
[RANK 0] Mismatch between tokenized prompt and the start of tokenized prompt+rejected. This may be due to unexpected tokenizer behavior, whitespace issues, or special token handling. Verify that the tokenizer is processing text consistently.
[RANK 0] Mismatch between tokenized prompt and the start of tokenized prompt+chosen. This may be due to unexpected tokenizer behavior, whitespace issues, or special token handling. Verify that the tokenizer is processing text consistently.
[RANK 0] Mismatch between tokenized prompt and the start of tokenized prompt+rejected. This may be due to unexpected tokenizer behavior, whitespace issues, or special token handling. Verify that the tokenizer is processing text consistently.
[RANK 0] Mismatch between tokenized prompt and the start of tokenized prompt+chosen. This may be due to unexpected tokenizer behavior, whitespace issues, or special token handling. Verify that the tokenizer is processing text consistently.
[RANK 0] Mismatch between tokenized prompt and the start of tokenized prompt+rejected. This may be due to unexpected tokenizer behavior, whitespace issues, or special token handling. Verify that the tokenizer is processing text consistently.
[RANK 0] Mismatch between tokenized prompt and the start of tokenized prompt+chosen. This may be due to unexpected tokenizer behavior, whitespace issues, or special token handling. Verify that the tokenizer is processing text consistently.
[RANK 0] Mismatch between tokenized prompt and the start of tokenized prompt+rejected. This may be due to unexpected tokenizer behavior, whitespace issues, or special token handling. Verify that the tokenizer is processing text consistently.
[RANK 0] Mismatch between tokenized prompt and the start of tokenized prompt+chosen. This may be due to unexpected tokenizer behavior, whitespace issues, or special token handling. Verify that the tokenizer is processing text consistently.
[RANK 0] Mismatch between tokenized prompt and the start of tokenized prompt+rejected. This may be due to unexpected tokenizer behavior, whitespace issues, or special token handling. Verify that the tokenizer is processing text consistently.
[RANK 0] Mismatch between tokenized prompt and the start of tokenized prompt+chosen. This may be due to unexpected tokenizer behavior, whitespace issues, or special token handling. Verify that the tokenizer is processing text consistently.
[RANK 0] Mismatch between tokenized prompt and the start of tokenized prompt+rejected. This may be due to unexpected tokenizer behavior, whitespace issues, or special token handling. Verify that the tokenizer is processing text consistently.
[RANK 0] Mismatch between tokenized prompt and the start of tokenized prompt+chosen. This may be due to unexpected tokenizer behavior, whitespace issues, or special token handling. Verify that the tokenizer is processing text consistently.
[RANK 0] Mismatch between tokenized prompt and the start of tokenized prompt+rejected. This may be due to unexpected tokenizer behavior, whitespace issues, or special token handling. Verify that the tokenizer is processing text consistently.
[RANK 0] Mismatch between tokenized prompt and the start of tokenized prompt+chosen. This may be due to unexpected tokenizer behavior, whitespace issues, or special token handling. Verify that the tokenizer is processing text consistently.
[RANK 0] Mismatch between tokenized prompt and the start of tokenized prompt+rejected. This may be due to unexpected tokenizer behavior, whitespace issues, or special token handling. Verify that the tokenizer is processing text consistently.
[RANK 0] Mismatch between tokenized prompt and the start of tokenized prompt+chosen. This may be due to unexpected tokenizer behavior, whitespace issues, or special token handling. Verify that the tokenizer is processing text consistently.
[RANK 0] Mismatch between tokenized prompt and the start of tokenized prompt+rejected. This may be due to unexpected tokenizer behavior, whitespace issues, or special token handling. Verify that the tokenizer is processing text consistently.
[RANK 0] Mismatch between tokenized prompt and the start of tokenized prompt+chosen. This may be due to unexpected tokenizer behavior, whitespace issues, or special token handling. Verify that the tokenizer is processing text consistently.
[RANK 0] Mismatch between tokenized prompt and the start of tokenized prompt+rejected. This may be due to unexpected tokenizer behavior, whitespace issues, or special token handling. Verify that the tokenizer is processing text consistently.
[RANK 0] Mismatch between tokenized prompt and the start of tokenized prompt+chosen. This may be due to unexpected tokenizer behavior, whitespace issues, or special token handling. Verify that the tokenizer is processing text consistently.
[RANK 0] Mismatch between tokenized prompt and the start of tokenized prompt+rejected. This may be due to unexpected tokenizer behavior, whitespace issues, or special token handling. Verify that the tokenizer is processing text consistently.
[RANK 0] Mismatch between tokenized prompt and the start of tokenized prompt+chosen. This may be due to unexpected tokenizer behavior, whitespace issues, or special token handling. Verify that the tokenizer is processing text consistently.
[RANK 0] Mismatch between tokenized prompt and the start of tokenized prompt+rejected. This may be due to unexpected tokenizer behavior, whitespace issues, or special token handling. Verify that the tokenizer is processing text consistently.
[RANK 0] Mismatch between tokenized prompt and the start of tokenized prompt+chosen. This may be due to unexpected tokenizer behavior, whitespace issues, or special token handling. Verify that the tokenizer is processing text consistently.
[RANK 0] Mismatch between tokenized prompt and the start of tokenized prompt+rejected. This may be due to unexpected tokenizer behavior, whitespace issues, or special token handling. Verify that the tokenizer is processing text consistently.
[RANK 0] Mismatch between tokenized prompt and the start of tokenized prompt+chosen. This may be due to unexpected tokenizer behavior, whitespace issues, or special token handling. Verify that the tokenizer is processing text consistently.
[RANK 0] Mismatch between tokenized prompt and the start of tokenized prompt+rejected. This may be due to unexpected tokenizer behavior, whitespace issues, or special token handling. Verify that the tokenizer is processing text consistently.
[RANK 0] Mismatch between tokenized prompt and the start of tokenized prompt+chosen. This may be due to unexpected tokenizer behavior, whitespace issues, or special token handling. Verify that the tokenizer is processing text consistently.
[RANK 0] Mismatch between tokenized prompt and the start of tokenized prompt+rejected. This may be due to unexpected tokenizer behavior, whitespace issues, or special token handling. Verify that the tokenizer is processing text consistently.
[RANK 0] Mismatch between tokenized prompt and the start of tokenized prompt+chosen. This may be due to unexpected tokenizer behavior, whitespace issues, or special token handling. Verify that the tokenizer is processing text consistently.
[RANK 0] Mismatch between tokenized prompt and the start of tokenized prompt+rejected. This may be due to unexpected tokenizer behavior, whitespace issues, or special token handling. Verify that the tokenizer is processing text consistently.
[RANK 0] Mismatch between tokenized prompt and the start of tokenized prompt+chosen. This may be due to unexpected tokenizer behavior, whitespace issues, or special token handling. Verify that the tokenizer is processing text consistently.
[RANK 0] Mismatch between tokenized prompt and the start of tokenized prompt+rejected. This may be due to unexpected tokenizer behavior, whitespace issues, or special token handling. Verify that the tokenizer is processing text consistently.
[RANK 0] Mismatch between tokenized prompt and the start of tokenized prompt+chosen. This may be due to unexpected tokenizer behavior, whitespace issues, or special token handling. Verify that the tokenizer is processing text consistently.
[RANK 0] Mismatch between tokenized prompt and the start of tokenized prompt+rejected. This may be due to unexpected tokenizer behavior, whitespace issues, or special token handling. Verify that the tokenizer is processing text consistently.
[RANK 0] Mismatch between tokenized prompt and the start of tokenized prompt+chosen. This may be due to unexpected tokenizer behavior, whitespace issues, or special token handling. Verify that the tokenizer is processing text consistently.
[RANK 0] Mismatch between tokenized prompt and the start of tokenized prompt+rejected. This may be due to unexpected tokenizer behavior, whitespace issues, or special token handling. Verify that the tokenizer is processing text consistently.
[RANK 0] Mismatch between tokenized prompt and the start of tokenized prompt+chosen. This may be due to unexpected tokenizer behavior, whitespace issues, or special token handling. Verify that the tokenizer is processing text consistently.
[RANK 0] Mismatch between tokenized prompt and the start of tokenized prompt+rejected. This may be due to unexpected tokenizer behavior, whitespace issues, or special token handling. Verify that the tokenizer is processing text consistently.
[RANK 0] Mismatch between tokenized prompt and the start of tokenized prompt+chosen. This may be due to unexpected tokenizer behavior, whitespace issues, or special token handling. Verify that the tokenizer is processing text consistently.
[RANK 0] Mismatch between tokenized prompt and the start of tokenized prompt+rejected. This may be due to unexpected tokenizer behavior, whitespace issues, or special token handling. Verify that the tokenizer is processing text consistently.
[RANK 0] Mismatch between tokenized prompt and the start of tokenized prompt+chosen. This may be due to unexpected tokenizer behavior, whitespace issues, or special token handling. Verify that the tokenizer is processing text consistently.
[RANK 0] Mismatch between tokenized prompt and the start of tokenized prompt+rejected. This may be due to unexpected tokenizer behavior, whitespace issues, or special token handling. Verify that the tokenizer is processing text consistently.
[RANK 0] Mismatch between tokenized prompt and the start of tokenized prompt+chosen. This may be due to unexpected tokenizer behavior, whitespace issues, or special token handling. Verify that the tokenizer is processing text consistently.
[RANK 0] Mismatch between tokenized prompt and the start of tokenized prompt+rejected. This may be due to unexpected tokenizer behavior, whitespace issues, or special token handling. Verify that the tokenizer is processing text consistently.
[RANK 0] Mismatch between tokenized prompt and the start of tokenized prompt+chosen. This may be due to unexpected tokenizer behavior, whitespace issues, or special token handling. Verify that the tokenizer is processing text consistently.
[RANK 0] Mismatch between tokenized prompt and the start of tokenized prompt+rejected. This may be due to unexpected tokenizer behavior, whitespace issues, or special token handling. Verify that the tokenizer is processing text consistently.
[RANK 0] Mismatch between tokenized prompt and the start of tokenized prompt+chosen. This may be due to unexpected tokenizer behavior, whitespace issues, or special token handling. Verify that the tokenizer is processing text consistently.
[RANK 0] Mismatch between tokenized prompt and the start of tokenized prompt+rejected. This may be due to unexpected tokenizer behavior, whitespace issues, or special token handling. Verify that the tokenizer is processing text consistently.
[RANK 0] Mismatch between tokenized prompt and the start of tokenized prompt+chosen. This may be due to unexpected tokenizer behavior, whitespace issues, or special token handling. Verify that the tokenizer is processing text consistently.
[RANK 0] Mismatch between tokenized prompt and the start of tokenized prompt+rejected. This may be due to unexpected tokenizer behavior, whitespace issues, or special token handling. Verify that the tokenizer is processing text consistently.
[RANK 0] Mismatch between tokenized prompt and the start of tokenized prompt+chosen. This may be due to unexpected tokenizer behavior, whitespace issues, or special token handling. Verify that the tokenizer is processing text consistently.
[RANK 0] Mismatch between tokenized prompt and the start of tokenized prompt+rejected. This may be due to unexpected tokenizer behavior, whitespace issues, or special token handling. Verify that the tokenizer is processing text consistently.
[RANK 0] Mismatch between tokenized prompt and the start of tokenized prompt+chosen. This may be due to unexpected tokenizer behavior, whitespace issues, or special token handling. Verify that the tokenizer is processing text consistently.
[RANK 0] Mismatch between tokenized prompt and the start of tokenized prompt+rejected. This may be due to unexpected tokenizer behavior, whitespace issues, or special token handling. Verify that the tokenizer is processing text consistently.
[RANK 0] Mismatch between tokenized prompt and the start of tokenized prompt+chosen. This may be due to unexpected tokenizer behavior, whitespace issues, or special token handling. Verify that the tokenizer is processing text consistently.
[RANK 0] Mismatch between tokenized prompt and the start of tokenized prompt+rejected. This may be due to unexpected tokenizer behavior, whitespace issues, or special token handling. Verify that the tokenizer is processing text consistently.
[RANK 0] Mismatch between tokenized prompt and the start of tokenized prompt+chosen. This may be due to unexpected tokenizer behavior, whitespace issues, or special token handling. Verify that the tokenizer is processing text consistently.
[RANK 0] Mismatch between tokenized prompt and the start of tokenized prompt+rejected. This may be due to unexpected tokenizer behavior, whitespace issues, or special token handling. Verify that the tokenizer is processing text consistently.
[RANK 0] Mismatch between tokenized prompt and the start of tokenized prompt+chosen. This may be due to unexpected tokenizer behavior, whitespace issues, or special token handling. Verify that the tokenizer is processing text consistently.
[RANK 0] Mismatch between tokenized prompt and the start of tokenized prompt+rejected. This may be due to unexpected tokenizer behavior, whitespace issues, or special token handling. Verify that the tokenizer is processing text consistently.
[RANK 0] Mismatch between tokenized prompt and the start of tokenized prompt+chosen. This may be due to unexpected tokenizer behavior, whitespace issues, or special token handling. Verify that the tokenizer is processing text consistently.
[RANK 0] Mismatch between tokenized prompt and the start of tokenized prompt+rejected. This may be due to unexpected tokenizer behavior, whitespace issues, or special token handling. Verify that the tokenizer is processing text consistently.
[RANK 0] Mismatch between tokenized prompt and the start of tokenized prompt+chosen. This may be due to unexpected tokenizer behavior, whitespace issues, or special token handling. Verify that the tokenizer is processing text consistently.
[RANK 0] Mismatch between tokenized prompt and the start of tokenized prompt+rejected. This may be due to unexpected tokenizer behavior, whitespace issues, or special token handling. Verify that the tokenizer is processing text consistently.
[RANK 0] Mismatch between tokenized prompt and the start of tokenized prompt+chosen. This may be due to unexpected tokenizer behavior, whitespace issues, or special token handling. Verify that the tokenizer is processing text consistently.
[RANK 0] Mismatch between tokenized prompt and the start of tokenized prompt+rejected. This may be due to unexpected tokenizer behavior, whitespace issues, or special token handling. Verify that the tokenizer is processing text consistently.
[RANK 0] Mismatch between tokenized prompt and the start of tokenized prompt+chosen. This may be due to unexpected tokenizer behavior, whitespace issues, or special token handling. Verify that the tokenizer is processing text consistently.
[RANK 0] Mismatch between tokenized prompt and the start of tokenized prompt+rejected. This may be due to unexpected tokenizer behavior, whitespace issues, or special token handling. Verify that the tokenizer is processing text consistently.
[RANK 0] Mismatch between tokenized prompt and the start of tokenized prompt+chosen. This may be due to unexpected tokenizer behavior, whitespace issues, or special token handling. Verify that the tokenizer is processing text consistently.
[RANK 0] Mismatch between tokenized prompt and the start of tokenized prompt+rejected. This may be due to unexpected tokenizer behavior, whitespace issues, or special token handling. Verify that the tokenizer is processing text consistently.
[RANK 0] Mismatch between tokenized prompt and the start of tokenized prompt+chosen. This may be due to unexpected tokenizer behavior, whitespace issues, or special token handling. Verify that the tokenizer is processing text consistently.
[RANK 0] Mismatch between tokenized prompt and the start of tokenized prompt+rejected. This may be due to unexpected tokenizer behavior, whitespace issues, or special token handling. Verify that the tokenizer is processing text consistently.
[RANK 0] Mismatch between tokenized prompt and the start of tokenized prompt+chosen. This may be due to unexpected tokenizer behavior, whitespace issues, or special token handling. Verify that the tokenizer is processing text consistently.
[RANK 0] Mismatch between tokenized prompt and the start of tokenized prompt+rejected. This may be due to unexpected tokenizer behavior, whitespace issues, or special token handling. Verify that the tokenizer is processing text consistently.
[RANK 0] Mismatch between tokenized prompt and the start of tokenized prompt+chosen. This may be due to unexpected tokenizer behavior, whitespace issues, or special token handling. Verify that the tokenizer is processing text consistently.
[RANK 0] Mismatch between tokenized prompt and the start of tokenized prompt+rejected. This may be due to unexpected tokenizer behavior, whitespace issues, or special token handling. Verify that the tokenizer is processing text consistently.
[RANK 0] Mismatch between tokenized prompt and the start of tokenized prompt+chosen. This may be due to unexpected tokenizer behavior, whitespace issues, or special token handling. Verify that the tokenizer is processing text consistently.
[RANK 0] Mismatch between tokenized prompt and the start of tokenized prompt+rejected. This may be due to unexpected tokenizer behavior, whitespace issues, or special token handling. Verify that the tokenizer is processing text consistently.
[RANK 0] Mismatch between tokenized prompt and the start of tokenized prompt+chosen. This may be due to unexpected tokenizer behavior, whitespace issues, or special token handling. Verify that the tokenizer is processing text consistently.
[RANK 0] Mismatch between tokenized prompt and the start of tokenized prompt+rejected. This may be due to unexpected tokenizer behavior, whitespace issues, or special token handling. Verify that the tokenizer is processing text consistently.
[RANK 0] Mismatch between tokenized prompt and the start of tokenized prompt+chosen. This may be due to unexpected tokenizer behavior, whitespace issues, or special token handling. Verify that the tokenizer is processing text consistently.
[RANK 0] Mismatch between tokenized prompt and the start of tokenized prompt+rejected. This may be due to unexpected tokenizer behavior, whitespace issues, or special token handling. Verify that the tokenizer is processing text consistently.
[RANK 0] Mismatch between tokenized prompt and the start of tokenized prompt+chosen. This may be due to unexpected tokenizer behavior, whitespace issues, or special token handling. Verify that the tokenizer is processing text consistently.
[RANK 0] Mismatch between tokenized prompt and the start of tokenized prompt+rejected. This may be due to unexpected tokenizer behavior, whitespace issues, or special token handling. Verify that the tokenizer is processing text consistently.
[RANK 0] Mismatch between tokenized prompt and the start of tokenized prompt+chosen. This may be due to unexpected tokenizer behavior, whitespace issues, or special token handling. Verify that the tokenizer is processing text consistently.
[RANK 0] Mismatch between tokenized prompt and the start of tokenized prompt+rejected. This may be due to unexpected tokenizer behavior, whitespace issues, or special token handling. Verify that the tokenizer is processing text consistently.
[RANK 0] Mismatch between tokenized prompt and the start of tokenized prompt+chosen. This may be due to unexpected tokenizer behavior, whitespace issues, or special token handling. Verify that the tokenizer is processing text consistently.
[RANK 0] Mismatch between tokenized prompt and the start of tokenized prompt+rejected. This may be due to unexpected tokenizer behavior, whitespace issues, or special token handling. Verify that the tokenizer is processing text consistently.
[RANK 0] Mismatch between tokenized prompt and the start of tokenized prompt+chosen. This may be due to unexpected tokenizer behavior, whitespace issues, or special token handling. Verify that the tokenizer is processing text consistently.
[RANK 0] Mismatch between tokenized prompt and the start of tokenized prompt+rejected. This may be due to unexpected tokenizer behavior, whitespace issues, or special token handling. Verify that the tokenizer is processing text consistently.
[RANK 0] Mismatch between tokenized prompt and the start of tokenized prompt+chosen. This may be due to unexpected tokenizer behavior, whitespace issues, or special token handling. Verify that the tokenizer is processing text consistently.
[RANK 0] Mismatch between tokenized prompt and the start of tokenized prompt+rejected. This may be due to unexpected tokenizer behavior, whitespace issues, or special token handling. Verify that the tokenizer is processing text consistently.
[RANK 0] Mismatch between tokenized prompt and the start of tokenized prompt+chosen. This may be due to unexpected tokenizer behavior, whitespace issues, or special token handling. Verify that the tokenizer is processing text consistently.
[RANK 0] Mismatch between tokenized prompt and the start of tokenized prompt+rejected. This may be due to unexpected tokenizer behavior, whitespace issues, or special token handling. Verify that the tokenizer is processing text consistently.
[RANK 0] Mismatch between tokenized prompt and the start of tokenized prompt+chosen. This may be due to unexpected tokenizer behavior, whitespace issues, or special token handling. Verify that the tokenizer is processing text consistently.
[RANK 0] Mismatch between tokenized prompt and the start of tokenized prompt+rejected. This may be due to unexpected tokenizer behavior, whitespace issues, or special token handling. Verify that the tokenizer is processing text consistently.
[RANK 0] Mismatch between tokenized prompt and the start of tokenized prompt+chosen. This may be due to unexpected tokenizer behavior, whitespace issues, or special token handling. Verify that the tokenizer is processing text consistently.
[RANK 0] Mismatch between tokenized prompt and the start of tokenized prompt+rejected. This may be due to unexpected tokenizer behavior, whitespace issues, or special token handling. Verify that the tokenizer is processing text consistently.
[RANK 0] Mismatch between tokenized prompt and the start of tokenized prompt+chosen. This may be due to unexpected tokenizer behavior, whitespace issues, or special token handling. Verify that the tokenizer is processing text consistently.
[RANK 0] Mismatch between tokenized prompt and the start of tokenized prompt+rejected. This may be due to unexpected tokenizer behavior, whitespace issues, or special token handling. Verify that the tokenizer is processing text consistently.
[RANK 0] Mismatch between tokenized prompt and the start of tokenized prompt+chosen. This may be due to unexpected tokenizer behavior, whitespace issues, or special token handling. Verify that the tokenizer is processing text consistently.
[RANK 0] Mismatch between tokenized prompt and the start of tokenized prompt+rejected. This may be due to unexpected tokenizer behavior, whitespace issues, or special token handling. Verify that the tokenizer is processing text consistently.
[RANK 0] Mismatch between tokenized prompt and the start of tokenized prompt+chosen. This may be due to unexpected tokenizer behavior, whitespace issues, or special token handling. Verify that the tokenizer is processing text consistently.
[RANK 0] Mismatch between tokenized prompt and the start of tokenized prompt+rejected. This may be due to unexpected tokenizer behavior, whitespace issues, or special token handling. Verify that the tokenizer is processing text consistently.
[RANK 0] Mismatch between tokenized prompt and the start of tokenized prompt+chosen. This may be due to unexpected tokenizer behavior, whitespace issues, or special token handling. Verify that the tokenizer is processing text consistently.
[RANK 0] Mismatch between tokenized prompt and the start of tokenized prompt+rejected. This may be due to unexpected tokenizer behavior, whitespace issues, or special token handling. Verify that the tokenizer is processing text consistently.
Tokenizing train dataset:  59%|█████▉    | 172/291 [00:00<00:00, 848.13 examples/s][RANK 0] Mismatch between tokenized prompt and the start of tokenized prompt+chosen. This may be due to unexpected tokenizer behavior, whitespace issues, or special token handling. Verify that the tokenizer is processing text consistently.
[RANK 0] Mismatch between tokenized prompt and the start of tokenized prompt+rejected. This may be due to unexpected tokenizer behavior, whitespace issues, or special token handling. Verify that the tokenizer is processing text consistently.
[RANK 0] Mismatch between tokenized prompt and the start of tokenized prompt+chosen. This may be due to unexpected tokenizer behavior, whitespace issues, or special token handling. Verify that the tokenizer is processing text consistently.
[RANK 0] Mismatch between tokenized prompt and the start of tokenized prompt+chosen. This may be due to unexpected tokenizer behavior, whitespace issues, or special token handling. Verify that the tokenizer is processing text consistently.
[RANK 0] Mismatch between tokenized prompt and the start of tokenized prompt+rejected. This may be due to unexpected tokenizer behavior, whitespace issues, or special token handling. Verify that the tokenizer is processing text consistently.
[RANK 0] Mismatch between tokenized prompt and the start of tokenized prompt+chosen. This may be due to unexpected tokenizer behavior, whitespace issues, or special token handling. Verify that the tokenizer is processing text consistently.
[RANK 0] Mismatch between tokenized prompt and the start of tokenized prompt+rejected. This may be due to unexpected tokenizer behavior, whitespace issues, or special token handling. Verify that the tokenizer is processing text consistently.
[RANK 0] Mismatch between tokenized prompt and the start of tokenized prompt+chosen. This may be due to unexpected tokenizer behavior, whitespace issues, or special token handling. Verify that the tokenizer is processing text consistently.
[RANK 0] Mismatch between tokenized prompt and the start of tokenized prompt+rejected. This may be due to unexpected tokenizer behavior, whitespace issues, or special token handling. Verify that the tokenizer is processing text consistently.
[RANK 0] Mismatch between tokenized prompt and the start of tokenized prompt+chosen. This may be due to unexpected tokenizer behavior, whitespace issues, or special token handling. Verify that the tokenizer is processing text consistently.
[RANK 0] Mismatch between tokenized prompt and the start of tokenized prompt+rejected. This may be due to unexpected tokenizer behavior, whitespace issues, or special token handling. Verify that the tokenizer is processing text consistently.
[RANK 0] Mismatch between tokenized prompt and the start of tokenized prompt+chosen. This may be due to unexpected tokenizer behavior, whitespace issues, or special token handling. Verify that the tokenizer is processing text consistently.
[RANK 0] Mismatch between tokenized prompt and the start of tokenized prompt+rejected. This may be due to unexpected tokenizer behavior, whitespace issues, or special token handling. Verify that the tokenizer is processing text consistently.
[RANK 0] Mismatch between tokenized prompt and the start of tokenized prompt+chosen. This may be due to unexpected tokenizer behavior, whitespace issues, or special token handling. Verify that the tokenizer is processing text consistently.
[RANK 0] Mismatch between tokenized prompt and the start of tokenized prompt+rejected. This may be due to unexpected tokenizer behavior, whitespace issues, or special token handling. Verify that the tokenizer is processing text consistently.
[RANK 0] Mismatch between tokenized prompt and the start of tokenized prompt+chosen. This may be due to unexpected tokenizer behavior, whitespace issues, or special token handling. Verify that the tokenizer is processing text consistently.
[RANK 0] Mismatch between tokenized prompt and the start of tokenized prompt+rejected. This may be due to unexpected tokenizer behavior, whitespace issues, or special token handling. Verify that the tokenizer is processing text consistently.
[RANK 0] Mismatch between tokenized prompt and the start of tokenized prompt+chosen. This may be due to unexpected tokenizer behavior, whitespace issues, or special token handling. Verify that the tokenizer is processing text consistently.
[RANK 0] Mismatch between tokenized prompt and the start of tokenized prompt+rejected. This may be due to unexpected tokenizer behavior, whitespace issues, or special token handling. Verify that the tokenizer is processing text consistently.
[RANK 0] Mismatch between tokenized prompt and the start of tokenized prompt+chosen. This may be due to unexpected tokenizer behavior, whitespace issues, or special token handling. Verify that the tokenizer is processing text consistently.
[RANK 0] Mismatch between tokenized prompt and the start of tokenized prompt+rejected. This may be due to unexpected tokenizer behavior, whitespace issues, or special token handling. Verify that the tokenizer is processing text consistently.
[RANK 0] Mismatch between tokenized prompt and the start of tokenized prompt+chosen. This may be due to unexpected tokenizer behavior, whitespace issues, or special token handling. Verify that the tokenizer is processing text consistently.
[RANK 0] Mismatch between tokenized prompt and the start of tokenized prompt+rejected. This may be due to unexpected tokenizer behavior, whitespace issues, or special token handling. Verify that the tokenizer is processing text consistently.
[RANK 0] Mismatch between tokenized prompt and the start of tokenized prompt+chosen. This may be due to unexpected tokenizer behavior, whitespace issues, or special token handling. Verify that the tokenizer is processing text consistently.
[RANK 0] Mismatch between tokenized prompt and the start of tokenized prompt+rejected. This may be due to unexpected tokenizer behavior, whitespace issues, or special token handling. Verify that the tokenizer is processing text consistently.
[RANK 0] Mismatch between tokenized prompt and the start of tokenized prompt+chosen. This may be due to unexpected tokenizer behavior, whitespace issues, or special token handling. Verify that the tokenizer is processing text consistently.
[RANK 0] Mismatch between tokenized prompt and the start of tokenized prompt+rejected. This may be due to unexpected tokenizer behavior, whitespace issues, or special token handling. Verify that the tokenizer is processing text consistently.
[RANK 0] Mismatch between tokenized prompt and the start of tokenized prompt+chosen. This may be due to unexpected tokenizer behavior, whitespace issues, or special token handling. Verify that the tokenizer is processing text consistently.
[RANK 0] Mismatch between tokenized prompt and the start of tokenized prompt+rejected. This may be due to unexpected tokenizer behavior, whitespace issues, or special token handling. Verify that the tokenizer is processing text consistently.
[RANK 0] Mismatch between tokenized prompt and the start of tokenized prompt+chosen. This may be due to unexpected tokenizer behavior, whitespace issues, or special token handling. Verify that the tokenizer is processing text consistently.
[RANK 0] Mismatch between tokenized prompt and the start of tokenized prompt+rejected. This may be due to unexpected tokenizer behavior, whitespace issues, or special token handling. Verify that the tokenizer is processing text consistently.
[RANK 0] Mismatch between tokenized prompt and the start of tokenized prompt+chosen. This may be due to unexpected tokenizer behavior, whitespace issues, or special token handling. Verify that the tokenizer is processing text consistently.
[RANK 0] Mismatch between tokenized prompt and the start of tokenized prompt+rejected. This may be due to unexpected tokenizer behavior, whitespace issues, or special token handling. Verify that the tokenizer is processing text consistently.
[RANK 0] Mismatch between tokenized prompt and the start of tokenized prompt+chosen. This may be due to unexpected tokenizer behavior, whitespace issues, or special token handling. Verify that the tokenizer is processing text consistently.
[RANK 0] Mismatch between tokenized prompt and the start of tokenized prompt+rejected. This may be due to unexpected tokenizer behavior, whitespace issues, or special token handling. Verify that the tokenizer is processing text consistently.
[RANK 0] Mismatch between tokenized prompt and the start of tokenized prompt+chosen. This may be due to unexpected tokenizer behavior, whitespace issues, or special token handling. Verify that the tokenizer is processing text consistently.
[RANK 0] Mismatch between tokenized prompt and the start of tokenized prompt+rejected. This may be due to unexpected tokenizer behavior, whitespace issues, or special token handling. Verify that the tokenizer is processing text consistently.
[RANK 0] Mismatch between tokenized prompt and the start of tokenized prompt+chosen. This may be due to unexpected tokenizer behavior, whitespace issues, or special token handling. Verify that the tokenizer is processing text consistently.
[RANK 0] Mismatch between tokenized prompt and the start of tokenized prompt+rejected. This may be due to unexpected tokenizer behavior, whitespace issues, or special token handling. Verify that the tokenizer is processing text consistently.
[RANK 0] Mismatch between tokenized prompt and the start of tokenized prompt+chosen. This may be due to unexpected tokenizer behavior, whitespace issues, or special token handling. Verify that the tokenizer is processing text consistently.
[RANK 0] Mismatch between tokenized prompt and the start of tokenized prompt+rejected. This may be due to unexpected tokenizer behavior, whitespace issues, or special token handling. Verify that the tokenizer is processing text consistently.
[RANK 0] Mismatch between tokenized prompt and the start of tokenized prompt+chosen. This may be due to unexpected tokenizer behavior, whitespace issues, or special token handling. Verify that the tokenizer is processing text consistently.
[RANK 0] Mismatch between tokenized prompt and the start of tokenized prompt+rejected. This may be due to unexpected tokenizer behavior, whitespace issues, or special token handling. Verify that the tokenizer is processing text consistently.
[RANK 0] Mismatch between tokenized prompt and the start of tokenized prompt+chosen. This may be due to unexpected tokenizer behavior, whitespace issues, or special token handling. Verify that the tokenizer is processing text consistently.
[RANK 0] Mismatch between tokenized prompt and the start of tokenized prompt+rejected. This may be due to unexpected tokenizer behavior, whitespace issues, or special token handling. Verify that the tokenizer is processing text consistently.
[RANK 0] Mismatch between tokenized prompt and the start of tokenized prompt+chosen. This may be due to unexpected tokenizer behavior, whitespace issues, or special token handling. Verify that the tokenizer is processing text consistently.
[RANK 0] Mismatch between tokenized prompt and the start of tokenized prompt+rejected. This may be due to unexpected tokenizer behavior, whitespace issues, or special token handling. Verify that the tokenizer is processing text consistently.
[RANK 0] Mismatch between tokenized prompt and the start of tokenized prompt+chosen. This may be due to unexpected tokenizer behavior, whitespace issues, or special token handling. Verify that the tokenizer is processing text consistently.
[RANK 0] Mismatch between tokenized prompt and the start of tokenized prompt+rejected. This may be due to unexpected tokenizer behavior, whitespace issues, or special token handling. Verify that the tokenizer is processing text consistently.
[RANK 0] Mismatch between tokenized prompt and the start of tokenized prompt+chosen. This may be due to unexpected tokenizer behavior, whitespace issues, or special token handling. Verify that the tokenizer is processing text consistently.
[RANK 0] Mismatch between tokenized prompt and the start of tokenized prompt+rejected. This may be due to unexpected tokenizer behavior, whitespace issues, or special token handling. Verify that the tokenizer is processing text consistently.
[RANK 0] Mismatch between tokenized prompt and the start of tokenized prompt+chosen. This may be due to unexpected tokenizer behavior, whitespace issues, or special token handling. Verify that the tokenizer is processing text consistently.
[RANK 0] Mismatch between tokenized prompt and the start of tokenized prompt+rejected. This may be due to unexpected tokenizer behavior, whitespace issues, or special token handling. Verify that the tokenizer is processing text consistently.
[RANK 0] Mismatch between tokenized prompt and the start of tokenized prompt+chosen. This may be due to unexpected tokenizer behavior, whitespace issues, or special token handling. Verify that the tokenizer is processing text consistently.
[RANK 0] Mismatch between tokenized prompt and the start of tokenized prompt+rejected. This may be due to unexpected tokenizer behavior, whitespace issues, or special token handling. Verify that the tokenizer is processing text consistently.
[RANK 0] Mismatch between tokenized prompt and the start of tokenized prompt+chosen. This may be due to unexpected tokenizer behavior, whitespace issues, or special token handling. Verify that the tokenizer is processing text consistently.
[RANK 0] Mismatch between tokenized prompt and the start of tokenized prompt+rejected. This may be due to unexpected tokenizer behavior, whitespace issues, or special token handling. Verify that the tokenizer is processing text consistently.
[RANK 0] Mismatch between tokenized prompt and the start of tokenized prompt+chosen. This may be due to unexpected tokenizer behavior, whitespace issues, or special token handling. Verify that the tokenizer is processing text consistently.
[RANK 0] Mismatch between tokenized prompt and the start of tokenized prompt+rejected. This may be due to unexpected tokenizer behavior, whitespace issues, or special token handling. Verify that the tokenizer is processing text consistently.
[RANK 0] Mismatch between tokenized prompt and the start of tokenized prompt+chosen. This may be due to unexpected tokenizer behavior, whitespace issues, or special token handling. Verify that the tokenizer is processing text consistently.
[RANK 0] Mismatch between tokenized prompt and the start of tokenized prompt+rejected. This may be due to unexpected tokenizer behavior, whitespace issues, or special token handling. Verify that the tokenizer is processing text consistently.
[RANK 0] Mismatch between tokenized prompt and the start of tokenized prompt+chosen. This may be due to unexpected tokenizer behavior, whitespace issues, or special token handling. Verify that the tokenizer is processing text consistently.
[RANK 0] Mismatch between tokenized prompt and the start of tokenized prompt+rejected. This may be due to unexpected tokenizer behavior, whitespace issues, or special token handling. Verify that the tokenizer is processing text consistently.
[RANK 0] Mismatch between tokenized prompt and the start of tokenized prompt+chosen. This may be due to unexpected tokenizer behavior, whitespace issues, or special token handling. Verify that the tokenizer is processing text consistently.
[RANK 0] Mismatch between tokenized prompt and the start of tokenized prompt+rejected. This may be due to unexpected tokenizer behavior, whitespace issues, or special token handling. Verify that the tokenizer is processing text consistently.
[RANK 0] Mismatch between tokenized prompt and the start of tokenized prompt+chosen. This may be due to unexpected tokenizer behavior, whitespace issues, or special token handling. Verify that the tokenizer is processing text consistently.
[RANK 0] Mismatch between tokenized prompt and the start of tokenized prompt+rejected. This may be due to unexpected tokenizer behavior, whitespace issues, or special token handling. Verify that the tokenizer is processing text consistently.
[RANK 0] Mismatch between tokenized prompt and the start of tokenized prompt+chosen. This may be due to unexpected tokenizer behavior, whitespace issues, or special token handling. Verify that the tokenizer is processing text consistently.
[RANK 0] Mismatch between tokenized prompt and the start of tokenized prompt+rejected. This may be due to unexpected tokenizer behavior, whitespace issues, or special token handling. Verify that the tokenizer is processing text consistently.
[RANK 0] Mismatch between tokenized prompt and the start of tokenized prompt+chosen. This may be due to unexpected tokenizer behavior, whitespace issues, or special token handling. Verify that the tokenizer is processing text consistently.
[RANK 0] Mismatch between tokenized prompt and the start of tokenized prompt+rejected. This may be due to unexpected tokenizer behavior, whitespace issues, or special token handling. Verify that the tokenizer is processing text consistently.
[RANK 0] Mismatch between tokenized prompt and the start of tokenized prompt+chosen. This may be due to unexpected tokenizer behavior, whitespace issues, or special token handling. Verify that the tokenizer is processing text consistently.
[RANK 0] Mismatch between tokenized prompt and the start of tokenized prompt+rejected. This may be due to unexpected tokenizer behavior, whitespace issues, or special token handling. Verify that the tokenizer is processing text consistently.
[RANK 0] Mismatch between tokenized prompt and the start of tokenized prompt+chosen. This may be due to unexpected tokenizer behavior, whitespace issues, or special token handling. Verify that the tokenizer is processing text consistently.
[RANK 0] Mismatch between tokenized prompt and the start of tokenized prompt+rejected. This may be due to unexpected tokenizer behavior, whitespace issues, or special token handling. Verify that the tokenizer is processing text consistently.
[RANK 0] Mismatch between tokenized prompt and the start of tokenized prompt+chosen. This may be due to unexpected tokenizer behavior, whitespace issues, or special token handling. Verify that the tokenizer is processing text consistently.
[RANK 0] Mismatch between tokenized prompt and the start of tokenized prompt+rejected. This may be due to unexpected tokenizer behavior, whitespace issues, or special token handling. Verify that the tokenizer is processing text consistently.
[RANK 0] Mismatch between tokenized prompt and the start of tokenized prompt+chosen. This may be due to unexpected tokenizer behavior, whitespace issues, or special token handling. Verify that the tokenizer is processing text consistently.
[RANK 0] Mismatch between tokenized prompt and the start of tokenized prompt+rejected. This may be due to unexpected tokenizer behavior, whitespace issues, or special token handling. Verify that the tokenizer is processing text consistently.
[RANK 0] Mismatch between tokenized prompt and the start of tokenized prompt+chosen. This may be due to unexpected tokenizer behavior, whitespace issues, or special token handling. Verify that the tokenizer is processing text consistently.
[RANK 0] Mismatch between tokenized prompt and the start of tokenized prompt+rejected. This may be due to unexpected tokenizer behavior, whitespace issues, or special token handling. Verify that the tokenizer is processing text consistently.
[RANK 0] Mismatch between tokenized prompt and the start of tokenized prompt+chosen. This may be due to unexpected tokenizer behavior, whitespace issues, or special token handling. Verify that the tokenizer is processing text consistently.
[RANK 0] Mismatch between tokenized prompt and the start of tokenized prompt+rejected. This may be due to unexpected tokenizer behavior, whitespace issues, or special token handling. Verify that the tokenizer is processing text consistently.
[RANK 0] Mismatch between tokenized prompt and the start of tokenized prompt+chosen. This may be due to unexpected tokenizer behavior, whitespace issues, or special token handling. Verify that the tokenizer is processing text consistently.
[RANK 0] Mismatch between tokenized prompt and the start of tokenized prompt+rejected. This may be due to unexpected tokenizer behavior, whitespace issues, or special token handling. Verify that the tokenizer is processing text consistently.
[RANK 0] Mismatch between tokenized prompt and the start of tokenized prompt+chosen. This may be due to unexpected tokenizer behavior, whitespace issues, or special token handling. Verify that the tokenizer is processing text consistently.
[RANK 0] Mismatch between tokenized prompt and the start of tokenized prompt+rejected. This may be due to unexpected tokenizer behavior, whitespace issues, or special token handling. Verify that the tokenizer is processing text consistently.
[RANK 0] Mismatch between tokenized prompt and the start of tokenized prompt+chosen. This may be due to unexpected tokenizer behavior, whitespace issues, or special token handling. Verify that the tokenizer is processing text consistently.
[RANK 0] Mismatch between tokenized prompt and the start of tokenized prompt+rejected. This may be due to unexpected tokenizer behavior, whitespace issues, or special token handling. Verify that the tokenizer is processing text consistently.
[RANK 0] Mismatch between tokenized prompt and the start of tokenized prompt+chosen. This may be due to unexpected tokenizer behavior, whitespace issues, or special token handling. Verify that the tokenizer is processing text consistently.
[RANK 0] Mismatch between tokenized prompt and the start of tokenized prompt+rejected. This may be due to unexpected tokenizer behavior, whitespace issues, or special token handling. Verify that the tokenizer is processing text consistently.
[RANK 0] Mismatch between tokenized prompt and the start of tokenized prompt+chosen. This may be due to unexpected tokenizer behavior, whitespace issues, or special token handling. Verify that the tokenizer is processing text consistently.
[RANK 0] Mismatch between tokenized prompt and the start of tokenized prompt+rejected. This may be due to unexpected tokenizer behavior, whitespace issues, or special token handling. Verify that the tokenizer is processing text consistently.
[RANK 0] Mismatch between tokenized prompt and the start of tokenized prompt+chosen. This may be due to unexpected tokenizer behavior, whitespace issues, or special token handling. Verify that the tokenizer is processing text consistently.
[RANK 0] Mismatch between tokenized prompt and the start of tokenized prompt+rejected. This may be due to unexpected tokenizer behavior, whitespace issues, or special token handling. Verify that the tokenizer is processing text consistently.
[RANK 0] Mismatch between tokenized prompt and the start of tokenized prompt+chosen. This may be due to unexpected tokenizer behavior, whitespace issues, or special token handling. Verify that the tokenizer is processing text consistently.
[RANK 0] Mismatch between tokenized prompt and the start of tokenized prompt+rejected. This may be due to unexpected tokenizer behavior, whitespace issues, or special token handling. Verify that the tokenizer is processing text consistently.
[RANK 0] Mismatch between tokenized prompt and the start of tokenized prompt+chosen. This may be due to unexpected tokenizer behavior, whitespace issues, or special token handling. Verify that the tokenizer is processing text consistently.
[RANK 0] Mismatch between tokenized prompt and the start of tokenized prompt+rejected. This may be due to unexpected tokenizer behavior, whitespace issues, or special token handling. Verify that the tokenizer is processing text consistently.
[RANK 0] Mismatch between tokenized prompt and the start of tokenized prompt+chosen. This may be due to unexpected tokenizer behavior, whitespace issues, or special token handling. Verify that the tokenizer is processing text consistently.
[RANK 0] Mismatch between tokenized prompt and the start of tokenized prompt+rejected. This may be due to unexpected tokenizer behavior, whitespace issues, or special token handling. Verify that the tokenizer is processing text consistently.
[RANK 0] Mismatch between tokenized prompt and the start of tokenized prompt+chosen. This may be due to unexpected tokenizer behavior, whitespace issues, or special token handling. Verify that the tokenizer is processing text consistently.
[RANK 0] Mismatch between tokenized prompt and the start of tokenized prompt+rejected. This may be due to unexpected tokenizer behavior, whitespace issues, or special token handling. Verify that the tokenizer is processing text consistently.
[RANK 0] Mismatch between tokenized prompt and the start of tokenized prompt+chosen. This may be due to unexpected tokenizer behavior, whitespace issues, or special token handling. Verify that the tokenizer is processing text consistently.
[RANK 0] Mismatch between tokenized prompt and the start of tokenized prompt+rejected. This may be due to unexpected tokenizer behavior, whitespace issues, or special token handling. Verify that the tokenizer is processing text consistently.
[RANK 0] Mismatch between tokenized prompt and the start of tokenized prompt+chosen. This may be due to unexpected tokenizer behavior, whitespace issues, or special token handling. Verify that the tokenizer is processing text consistently.
[RANK 0] Mismatch between tokenized prompt and the start of tokenized prompt+rejected. This may be due to unexpected tokenizer behavior, whitespace issues, or special token handling. Verify that the tokenizer is processing text consistently.
[RANK 0] Mismatch between tokenized prompt and the start of tokenized prompt+chosen. This may be due to unexpected tokenizer behavior, whitespace issues, or special token handling. Verify that the tokenizer is processing text consistently.
[RANK 0] Mismatch between tokenized prompt and the start of tokenized prompt+rejected. This may be due to unexpected tokenizer behavior, whitespace issues, or special token handling. Verify that the tokenizer is processing text consistently.
[RANK 0] Mismatch between tokenized prompt and the start of tokenized prompt+chosen. This may be due to unexpected tokenizer behavior, whitespace issues, or special token handling. Verify that the tokenizer is processing text consistently.
[RANK 0] Mismatch between tokenized prompt and the start of tokenized prompt+rejected. This may be due to unexpected tokenizer behavior, whitespace issues, or special token handling. Verify that the tokenizer is processing text consistently.
[RANK 0] Mismatch between tokenized prompt and the start of tokenized prompt+chosen. This may be due to unexpected tokenizer behavior, whitespace issues, or special token handling. Verify that the tokenizer is processing text consistently.
[RANK 0] Mismatch between tokenized prompt and the start of tokenized prompt+rejected. This may be due to unexpected tokenizer behavior, whitespace issues, or special token handling. Verify that the tokenizer is processing text consistently.
[RANK 0] Mismatch between tokenized prompt and the start of tokenized prompt+chosen. This may be due to unexpected tokenizer behavior, whitespace issues, or special token handling. Verify that the tokenizer is processing text consistently.
[RANK 0] Mismatch between tokenized prompt and the start of tokenized prompt+rejected. This may be due to unexpected tokenizer behavior, whitespace issues, or special token handling. Verify that the tokenizer is processing text consistently.
[RANK 0] Mismatch between tokenized prompt and the start of tokenized prompt+chosen. This may be due to unexpected tokenizer behavior, whitespace issues, or special token handling. Verify that the tokenizer is processing text consistently.
[RANK 0] Mismatch between tokenized prompt and the start of tokenized prompt+rejected. This may be due to unexpected tokenizer behavior, whitespace issues, or special token handling. Verify that the tokenizer is processing text consistently.
[RANK 0] Mismatch between tokenized prompt and the start of tokenized prompt+chosen. This may be due to unexpected tokenizer behavior, whitespace issues, or special token handling. Verify that the tokenizer is processing text consistently.
[RANK 0] Mismatch between tokenized prompt and the start of tokenized prompt+rejected. This may be due to unexpected tokenizer behavior, whitespace issues, or special token handling. Verify that the tokenizer is processing text consistently.
[RANK 0] Mismatch between tokenized prompt and the start of tokenized prompt+chosen. This may be due to unexpected tokenizer behavior, whitespace issues, or special token handling. Verify that the tokenizer is processing text consistently.
[RANK 0] Mismatch between tokenized prompt and the start of tokenized prompt+rejected. This may be due to unexpected tokenizer behavior, whitespace issues, or special token handling. Verify that the tokenizer is processing text consistently.
[RANK 0] Mismatch between tokenized prompt and the start of tokenized prompt+chosen. This may be due to unexpected tokenizer behavior, whitespace issues, or special token handling. Verify that the tokenizer is processing text consistently.
[RANK 0] Mismatch between tokenized prompt and the start of tokenized prompt+rejected. This may be due to unexpected tokenizer behavior, whitespace issues, or special token handling. Verify that the tokenizer is processing text consistently.
[RANK 0] Mismatch between tokenized prompt and the start of tokenized prompt+chosen. This may be due to unexpected tokenizer behavior, whitespace issues, or special token handling. Verify that the tokenizer is processing text consistently.
[RANK 0] Mismatch between tokenized prompt and the start of tokenized prompt+rejected. This may be due to unexpected tokenizer behavior, whitespace issues, or special token handling. Verify that the tokenizer is processing text consistently.
[RANK 0] Mismatch between tokenized prompt and the start of tokenized prompt+chosen. This may be due to unexpected tokenizer behavior, whitespace issues, or special token handling. Verify that the tokenizer is processing text consistently.
[RANK 0] Mismatch between tokenized prompt and the start of tokenized prompt+rejected. This may be due to unexpected tokenizer behavior, whitespace issues, or special token handling. Verify that the tokenizer is processing text consistently.
[RANK 0] Mismatch between tokenized prompt and the start of tokenized prompt+chosen. This may be due to unexpected tokenizer behavior, whitespace issues, or special token handling. Verify that the tokenizer is processing text consistently.
[RANK 0] Mismatch between tokenized prompt and the start of tokenized prompt+rejected. This may be due to unexpected tokenizer behavior, whitespace issues, or special token handling. Verify that the tokenizer is processing text consistently.
[RANK 0] Mismatch between tokenized prompt and the start of tokenized prompt+chosen. This may be due to unexpected tokenizer behavior, whitespace issues, or special token handling. Verify that the tokenizer is processing text consistently.
[RANK 0] Mismatch between tokenized prompt and the start of tokenized prompt+rejected. This may be due to unexpected tokenizer behavior, whitespace issues, or special token handling. Verify that the tokenizer is processing text consistently.
[RANK 0] Mismatch between tokenized prompt and the start of tokenized prompt+chosen. This may be due to unexpected tokenizer behavior, whitespace issues, or special token handling. Verify that the tokenizer is processing text consistently.
[RANK 0] Mismatch between tokenized prompt and the start of tokenized prompt+rejected. This may be due to unexpected tokenizer behavior, whitespace issues, or special token handling. Verify that the tokenizer is processing text consistently.
[RANK 0] Mismatch between tokenized prompt and the start of tokenized prompt+chosen. This may be due to unexpected tokenizer behavior, whitespace issues, or special token handling. Verify that the tokenizer is processing text consistently.
[RANK 0] Mismatch between tokenized prompt and the start of tokenized prompt+rejected. This may be due to unexpected tokenizer behavior, whitespace issues, or special token handling. Verify that the tokenizer is processing text consistently.
[RANK 0] Mismatch between tokenized prompt and the start of tokenized prompt+chosen. This may be due to unexpected tokenizer behavior, whitespace issues, or special token handling. Verify that the tokenizer is processing text consistently.
[RANK 0] Mismatch between tokenized prompt and the start of tokenized prompt+rejected. This may be due to unexpected tokenizer behavior, whitespace issues, or special token handling. Verify that the tokenizer is processing text consistently.
[RANK 0] Mismatch between tokenized prompt and the start of tokenized prompt+chosen. This may be due to unexpected tokenizer behavior, whitespace issues, or special token handling. Verify that the tokenizer is processing text consistently.
[RANK 0] Mismatch between tokenized prompt and the start of tokenized prompt+rejected. This may be due to unexpected tokenizer behavior, whitespace issues, or special token handling. Verify that the tokenizer is processing text consistently.
[RANK 0] Mismatch between tokenized prompt and the start of tokenized prompt+chosen. This may be due to unexpected tokenizer behavior, whitespace issues, or special token handling. Verify that the tokenizer is processing text consistently.
[RANK 0] Mismatch between tokenized prompt and the start of tokenized prompt+rejected. This may be due to unexpected tokenizer behavior, whitespace issues, or special token handling. Verify that the tokenizer is processing text consistently.
[RANK 0] Mismatch between tokenized prompt and the start of tokenized prompt+chosen. This may be due to unexpected tokenizer behavior, whitespace issues, or special token handling. Verify that the tokenizer is processing text consistently.
[RANK 0] Mismatch between tokenized prompt and the start of tokenized prompt+rejected. This may be due to unexpected tokenizer behavior, whitespace issues, or special token handling. Verify that the tokenizer is processing text consistently.
[RANK 0] Mismatch between tokenized prompt and the start of tokenized prompt+chosen. This may be due to unexpected tokenizer behavior, whitespace issues, or special token handling. Verify that the tokenizer is processing text consistently.
[RANK 0] Mismatch between tokenized prompt and the start of tokenized prompt+rejected. This may be due to unexpected tokenizer behavior, whitespace issues, or special token handling. Verify that the tokenizer is processing text consistently.
Tokenizing train dataset:  90%|█████████ | 262/291 [00:00<00:00, 862.97 examples/s][RANK 0] Mismatch between tokenized prompt and the start of tokenized prompt+chosen. This may be due to unexpected tokenizer behavior, whitespace issues, or special token handling. Verify that the tokenizer is processing text consistently.
[RANK 0] Mismatch between tokenized prompt and the start of tokenized prompt+rejected. This may be due to unexpected tokenizer behavior, whitespace issues, or special token handling. Verify that the tokenizer is processing text consistently.
[RANK 0] Mismatch between tokenized prompt and the start of tokenized prompt+chosen. This may be due to unexpected tokenizer behavior, whitespace issues, or special token handling. Verify that the tokenizer is processing text consistently.
[RANK 0] Mismatch between tokenized prompt and the start of tokenized prompt+rejected. This may be due to unexpected tokenizer behavior, whitespace issues, or special token handling. Verify that the tokenizer is processing text consistently.
[RANK 0] Mismatch between tokenized prompt and the start of tokenized prompt+chosen. This may be due to unexpected tokenizer behavior, whitespace issues, or special token handling. Verify that the tokenizer is processing text consistently.
[RANK 0] Mismatch between tokenized prompt and the start of tokenized prompt+rejected. This may be due to unexpected tokenizer behavior, whitespace issues, or special token handling. Verify that the tokenizer is processing text consistently.
[RANK 0] Mismatch between tokenized prompt and the start of tokenized prompt+chosen. This may be due to unexpected tokenizer behavior, whitespace issues, or special token handling. Verify that the tokenizer is processing text consistently.
[RANK 0] Mismatch between tokenized prompt and the start of tokenized prompt+rejected. This may be due to unexpected tokenizer behavior, whitespace issues, or special token handling. Verify that the tokenizer is processing text consistently.
[RANK 0] Mismatch between tokenized prompt and the start of tokenized prompt+chosen. This may be due to unexpected tokenizer behavior, whitespace issues, or special token handling. Verify that the tokenizer is processing text consistently.
[RANK 0] Mismatch between tokenized prompt and the start of tokenized prompt+rejected. This may be due to unexpected tokenizer behavior, whitespace issues, or special token handling. Verify that the tokenizer is processing text consistently.
[RANK 0] Mismatch between tokenized prompt and the start of tokenized prompt+chosen. This may be due to unexpected tokenizer behavior, whitespace issues, or special token handling. Verify that the tokenizer is processing text consistently.
[RANK 0] Mismatch between tokenized prompt and the start of tokenized prompt+rejected. This may be due to unexpected tokenizer behavior, whitespace issues, or special token handling. Verify that the tokenizer is processing text consistently.
[RANK 0] Mismatch between tokenized prompt and the start of tokenized prompt+chosen. This may be due to unexpected tokenizer behavior, whitespace issues, or special token handling. Verify that the tokenizer is processing text consistently.
[RANK 0] Mismatch between tokenized prompt and the start of tokenized prompt+rejected. This may be due to unexpected tokenizer behavior, whitespace issues, or special token handling. Verify that the tokenizer is processing text consistently.
[RANK 0] Mismatch between tokenized prompt and the start of tokenized prompt+chosen. This may be due to unexpected tokenizer behavior, whitespace issues, or special token handling. Verify that the tokenizer is processing text consistently.
[RANK 0] Mismatch between tokenized prompt and the start of tokenized prompt+rejected. This may be due to unexpected tokenizer behavior, whitespace issues, or special token handling. Verify that the tokenizer is processing text consistently.
[RANK 0] Mismatch between tokenized prompt and the start of tokenized prompt+chosen. This may be due to unexpected tokenizer behavior, whitespace issues, or special token handling. Verify that the tokenizer is processing text consistently.
[RANK 0] Mismatch between tokenized prompt and the start of tokenized prompt+rejected. This may be due to unexpected tokenizer behavior, whitespace issues, or special token handling. Verify that the tokenizer is processing text consistently.
[RANK 0] Mismatch between tokenized prompt and the start of tokenized prompt+chosen. This may be due to unexpected tokenizer behavior, whitespace issues, or special token handling. Verify that the tokenizer is processing text consistently.
[RANK 0] Mismatch between tokenized prompt and the start of tokenized prompt+rejected. This may be due to unexpected tokenizer behavior, whitespace issues, or special token handling. Verify that the tokenizer is processing text consistently.
[RANK 0] Mismatch between tokenized prompt and the start of tokenized prompt+chosen. This may be due to unexpected tokenizer behavior, whitespace issues, or special token handling. Verify that the tokenizer is processing text consistently.
[RANK 0] Mismatch between tokenized prompt and the start of tokenized prompt+rejected. This may be due to unexpected tokenizer behavior, whitespace issues, or special token handling. Verify that the tokenizer is processing text consistently.
[RANK 0] Mismatch between tokenized prompt and the start of tokenized prompt+chosen. This may be due to unexpected tokenizer behavior, whitespace issues, or special token handling. Verify that the tokenizer is processing text consistently.
[RANK 0] Mismatch between tokenized prompt and the start of tokenized prompt+rejected. This may be due to unexpected tokenizer behavior, whitespace issues, or special token handling. Verify that the tokenizer is processing text consistently.
[RANK 0] Mismatch between tokenized prompt and the start of tokenized prompt+chosen. This may be due to unexpected tokenizer behavior, whitespace issues, or special token handling. Verify that the tokenizer is processing text consistently.
[RANK 0] Mismatch between tokenized prompt and the start of tokenized prompt+rejected. This may be due to unexpected tokenizer behavior, whitespace issues, or special token handling. Verify that the tokenizer is processing text consistently.
[RANK 0] Mismatch between tokenized prompt and the start of tokenized prompt+chosen. This may be due to unexpected tokenizer behavior, whitespace issues, or special token handling. Verify that the tokenizer is processing text consistently.
[RANK 0] Mismatch between tokenized prompt and the start of tokenized prompt+rejected. This may be due to unexpected tokenizer behavior, whitespace issues, or special token handling. Verify that the tokenizer is processing text consistently.
[RANK 0] Mismatch between tokenized prompt and the start of tokenized prompt+chosen. This may be due to unexpected tokenizer behavior, whitespace issues, or special token handling. Verify that the tokenizer is processing text consistently.
[RANK 0] Mismatch between tokenized prompt and the start of tokenized prompt+rejected. This may be due to unexpected tokenizer behavior, whitespace issues, or special token handling. Verify that the tokenizer is processing text consistently.
[RANK 0] Mismatch between tokenized prompt and the start of tokenized prompt+chosen. This may be due to unexpected tokenizer behavior, whitespace issues, or special token handling. Verify that the tokenizer is processing text consistently.
[RANK 0] Mismatch between tokenized prompt and the start of tokenized prompt+rejected. This may be due to unexpected tokenizer behavior, whitespace issues, or special token handling. Verify that the tokenizer is processing text consistently.
[RANK 0] Mismatch between tokenized prompt and the start of tokenized prompt+chosen. This may be due to unexpected tokenizer behavior, whitespace issues, or special token handling. Verify that the tokenizer is processing text consistently.
[RANK 0] Mismatch between tokenized prompt and the start of tokenized prompt+rejected. This may be due to unexpected tokenizer behavior, whitespace issues, or special token handling. Verify that the tokenizer is processing text consistently.
[RANK 0] Mismatch between tokenized prompt and the start of tokenized prompt+chosen. This may be due to unexpected tokenizer behavior, whitespace issues, or special token handling. Verify that the tokenizer is processing text consistently.
[RANK 0] Mismatch between tokenized prompt and the start of tokenized prompt+rejected. This may be due to unexpected tokenizer behavior, whitespace issues, or special token handling. Verify that the tokenizer is processing text consistently.
[RANK 0] Mismatch between tokenized prompt and the start of tokenized prompt+chosen. This may be due to unexpected tokenizer behavior, whitespace issues, or special token handling. Verify that the tokenizer is processing text consistently.
[RANK 0] Mismatch between tokenized prompt and the start of tokenized prompt+rejected. This may be due to unexpected tokenizer behavior, whitespace issues, or special token handling. Verify that the tokenizer is processing text consistently.
[RANK 0] Mismatch between tokenized prompt and the start of tokenized prompt+chosen. This may be due to unexpected tokenizer behavior, whitespace issues, or special token handling. Verify that the tokenizer is processing text consistently.
[RANK 0] Mismatch between tokenized prompt and the start of tokenized prompt+rejected. This may be due to unexpected tokenizer behavior, whitespace issues, or special token handling. Verify that the tokenizer is processing text consistently.
[RANK 0] Mismatch between tokenized prompt and the start of tokenized prompt+chosen. This may be due to unexpected tokenizer behavior, whitespace issues, or special token handling. Verify that the tokenizer is processing text consistently.
[RANK 0] Mismatch between tokenized prompt and the start of tokenized prompt+rejected. This may be due to unexpected tokenizer behavior, whitespace issues, or special token handling. Verify that the tokenizer is processing text consistently.
[RANK 0] Mismatch between tokenized prompt and the start of tokenized prompt+chosen. This may be due to unexpected tokenizer behavior, whitespace issues, or special token handling. Verify that the tokenizer is processing text consistently.
[RANK 0] Mismatch between tokenized prompt and the start of tokenized prompt+rejected. This may be due to unexpected tokenizer behavior, whitespace issues, or special token handling. Verify that the tokenizer is processing text consistently.
[RANK 0] Mismatch between tokenized prompt and the start of tokenized prompt+chosen. This may be due to unexpected tokenizer behavior, whitespace issues, or special token handling. Verify that the tokenizer is processing text consistently.
[RANK 0] Mismatch between tokenized prompt and the start of tokenized prompt+rejected. This may be due to unexpected tokenizer behavior, whitespace issues, or special token handling. Verify that the tokenizer is processing text consistently.
[RANK 0] Mismatch between tokenized prompt and the start of tokenized prompt+chosen. This may be due to unexpected tokenizer behavior, whitespace issues, or special token handling. Verify that the tokenizer is processing text consistently.
[RANK 0] Mismatch between tokenized prompt and the start of tokenized prompt+rejected. This may be due to unexpected tokenizer behavior, whitespace issues, or special token handling. Verify that the tokenizer is processing text consistently.
[RANK 0] Mismatch between tokenized prompt and the start of tokenized prompt+chosen. This may be due to unexpected tokenizer behavior, whitespace issues, or special token handling. Verify that the tokenizer is processing text consistently.
[RANK 0] Mismatch between tokenized prompt and the start of tokenized prompt+rejected. This may be due to unexpected tokenizer behavior, whitespace issues, or special token handling. Verify that the tokenizer is processing text consistently.
Tokenizing train dataset: 100%|██████████| 291/291 [00:00<00:00, 810.24 examples/s]
Training...
[transformers] The tokenizer has new PAD/BOS/EOS tokens that differ from the model config and generation config. The model config and generation config were aligned accordingly, being updated with the tokenizer's values. Updated tokens: {'bos_token_id': None, 'pad_token_id': 151643}.
  0%|          | 0/19 [00:00<?, ?it/s]  5%|▌         | 1/19 [00:05<01:42,  5.68s/it] 11%|█         | 2/19 [00:10<01:29,  5.28s/it] 16%|█▌        | 3/19 [00:15<01:21,  5.12s/it] 21%|██        | 4/19 [00:20<01:16,  5.08s/it] 26%|██▋       | 5/19 [00:25<01:11,  5.14s/it] 32%|███▏      | 6/19 [00:30<01:06,  5.10s/it] 37%|███▋      | 7/19 [00:36<01:01,  5.10s/it] 42%|████▏     | 8/19 [00:41<00:56,  5.18s/it] 47%|████▋     | 9/19 [00:46<00:51,  5.17s/it] 53%|█████▎    | 10/19 [00:51<00:46,  5.13s/it]                                               {'loss': '0.8253', 'grad_norm': '5.021', 'learning_rate': '2.934e-05', 'entropy': '2.618', 'num_tokens': '9.348e+04', 'logits/chosen': '1.789', 'logits/rejected': '1.791', 'mean_token_accuracy': '0.368', 'rewards/chosen': '-1.436', 'rewards/rejected': '-1.314', 'rewards/accuracies': '0.4375', 'rewards/margins': '-0.1214', 'logps/chosen': '-343.7', 'logps/rejected': '-336.2', 'epoch': '0.5498'}
 53%|█████▎    | 10/19 [00:51<00:46,  5.13s/it] 58%|█████▊    | 11/19 [00:56<00:40,  5.07s/it] 63%|██████▎   | 12/19 [01:01<00:35,  5.12s/it] 68%|██████▊   | 13/19 [01:06<00:30,  5.08s/it] 74%|███████▎  | 14/19 [01:12<00:25,  5.17s/it] 79%|███████▉  | 15/19 [01:17<00:20,  5.17s/it] 84%|████████▍ | 16/19 [01:22<00:15,  5.06s/it] 89%|████████▉ | 17/19 [01:27<00:10,  5.03s/it] 95%|█████████▍| 18/19 [01:31<00:05,  5.01s/it]100%|██████████| 19/19 [01:33<00:00,  3.81s/it]                                               {'train_runtime': '93.28', 'train_samples_per_second': '3.12', 'train_steps_per_second': '0.204', 'train_loss': '0.8288', 'entropy': '2.656', 'num_tokens': '1.686e+05', 'logits/chosen': '1.842', 'logits/rejected': '1.813', 'mean_token_accuracy': '0.3661', 'rewards/chosen': '-1.492', 'rewards/rejected': '-1.379', 'rewards/accuracies': '0.3664', 'rewards/margins': '-0.1123', 'logps/chosen': '-352.1', 'logps/rejected': '-341.4', 'epoch': '1'}
100%|██████████| 19/19 [01:33<00:00,  3.81s/it]100%|██████████| 19/19 [01:33<00:00,  4.91s/it]
  Adapter saved to outputs/adapters/divpo_v2_1p5b/systems_thinker

All done.
