
============================================================
  Training DivPO adapter: minimalist
============================================================

  GPU 0: NVIDIA GeForce RTX 5060 Ti
  GPUs available: 1
Loading DivPO dataset from local file data/processed/divpo_v2_1p5b/minimalist.jsonl...
  273 preference pairs
Loading SFT adapter from outputs/adapters/sft_1p5b/minimalist ...
Loading weights:   0%|          | 0/338 [00:00<?, ?it/s]Loading weights:   0%|          | 1/338 [00:00<00:43,  7.69it/s]Loading weights:  33%|███▎      | 111/338 [00:00<00:00, 548.04it/s]Loading weights:  58%|█████▊    | 195/338 [00:00<00:00, 656.65it/s]Loading weights:  82%|████████▏ | 277/338 [00:00<00:00, 716.64it/s]Loading weights: 100%|██████████| 338/338 [00:00<00:00, 652.55it/s]
Loading weights:   0%|          | 0/338 [00:00<?, ?it/s]Loading weights:  22%|██▏       | 75/338 [00:00<00:00, 686.08it/s]Loading weights:  47%|████▋     | 159/338 [00:00<00:00, 758.35it/s]Loading weights:  72%|███████▏  | 243/338 [00:00<00:00, 789.67it/s]Loading weights:  97%|█████████▋| 327/338 [00:00<00:00, 788.06it/s]Loading weights: 100%|██████████| 338/338 [00:00<00:00, 791.51it/s]
/venv/main/lib/python3.14/site-packages/peft/mapping_func.py:72: UserWarning: You are trying to modify a model with PEFT for a second time. If you want to reload the model with a different config, make sure to call `.unload()` before.
  warnings.warn(
/venv/main/lib/python3.14/site-packages/peft/tuners/tuners_utils.py:302: UserWarning: Already found a `peft_config` attribute in the model. This will lead to having multiple adapters in the model. Make sure to know what you are doing!
  warnings.warn(
trainable params: 18,464,768 || all params: 1,562,179,072 || trainable%: 1.1820
Adding EOS to train dataset:   0%|          | 0/273 [00:00<?, ? examples/s]Adding EOS to train dataset: 100%|██████████| 273/273 [00:00<00:00, 26983.50 examples/s]
Tokenizing train dataset:   0%|          | 0/273 [00:00<?, ? examples/s][RANK 0] Mismatch between tokenized prompt and the start of tokenized prompt+rejected. This may be due to unexpected tokenizer behavior, whitespace issues, or special token handling. Verify that the tokenizer is processing text consistently.
[RANK 0] Mismatch between tokenized prompt and the start of tokenized prompt+rejected. This may be due to unexpected tokenizer behavior, whitespace issues, or special token handling. Verify that the tokenizer is processing text consistently.
[RANK 0] Mismatch between tokenized prompt and the start of tokenized prompt+chosen. This may be due to unexpected tokenizer behavior, whitespace issues, or special token handling. Verify that the tokenizer is processing text consistently.
[RANK 0] Mismatch between tokenized prompt and the start of tokenized prompt+rejected. This may be due to unexpected tokenizer behavior, whitespace issues, or special token handling. Verify that the tokenizer is processing text consistently.
[RANK 0] Mismatch between tokenized prompt and the start of tokenized prompt+chosen. This may be due to unexpected tokenizer behavior, whitespace issues, or special token handling. Verify that the tokenizer is processing text consistently.
[RANK 0] Mismatch between tokenized prompt and the start of tokenized prompt+rejected. This may be due to unexpected tokenizer behavior, whitespace issues, or special token handling. Verify that the tokenizer is processing text consistently.
[RANK 0] Mismatch between tokenized prompt and the start of tokenized prompt+rejected. This may be due to unexpected tokenizer behavior, whitespace issues, or special token handling. Verify that the tokenizer is processing text consistently.
[RANK 0] Mismatch between tokenized prompt and the start of tokenized prompt+chosen. This may be due to unexpected tokenizer behavior, whitespace issues, or special token handling. Verify that the tokenizer is processing text consistently.
[RANK 0] Mismatch between tokenized prompt and the start of tokenized prompt+chosen. This may be due to unexpected tokenizer behavior, whitespace issues, or special token handling. Verify that the tokenizer is processing text consistently.
[RANK 0] Mismatch between tokenized prompt and the start of tokenized prompt+rejected. This may be due to unexpected tokenizer behavior, whitespace issues, or special token handling. Verify that the tokenizer is processing text consistently.
[RANK 0] Mismatch between tokenized prompt and the start of tokenized prompt+chosen. This may be due to unexpected tokenizer behavior, whitespace issues, or special token handling. Verify that the tokenizer is processing text consistently.
[RANK 0] Mismatch between tokenized prompt and the start of tokenized prompt+rejected. This may be due to unexpected tokenizer behavior, whitespace issues, or special token handling. Verify that the tokenizer is processing text consistently.
[RANK 0] Mismatch between tokenized prompt and the start of tokenized prompt+chosen. This may be due to unexpected tokenizer behavior, whitespace issues, or special token handling. Verify that the tokenizer is processing text consistently.
[RANK 0] Mismatch between tokenized prompt and the start of tokenized prompt+rejected. This may be due to unexpected tokenizer behavior, whitespace issues, or special token handling. Verify that the tokenizer is processing text consistently.
[RANK 0] Mismatch between tokenized prompt and the start of tokenized prompt+chosen. This may be due to unexpected tokenizer behavior, whitespace issues, or special token handling. Verify that the tokenizer is processing text consistently.
[RANK 0] Mismatch between tokenized prompt and the start of tokenized prompt+rejected. This may be due to unexpected tokenizer behavior, whitespace issues, or special token handling. Verify that the tokenizer is processing text consistently.
[RANK 0] Mismatch between tokenized prompt and the start of tokenized prompt+chosen. This may be due to unexpected tokenizer behavior, whitespace issues, or special token handling. Verify that the tokenizer is processing text consistently.
[RANK 0] Mismatch between tokenized prompt and the start of tokenized prompt+rejected. This may be due to unexpected tokenizer behavior, whitespace issues, or special token handling. Verify that the tokenizer is processing text consistently.
[RANK 0] Mismatch between tokenized prompt and the start of tokenized prompt+chosen. This may be due to unexpected tokenizer behavior, whitespace issues, or special token handling. Verify that the tokenizer is processing text consistently.
[RANK 0] Mismatch between tokenized prompt and the start of tokenized prompt+rejected. This may be due to unexpected tokenizer behavior, whitespace issues, or special token handling. Verify that the tokenizer is processing text consistently.
[RANK 0] Mismatch between tokenized prompt and the start of tokenized prompt+chosen. This may be due to unexpected tokenizer behavior, whitespace issues, or special token handling. Verify that the tokenizer is processing text consistently.
[RANK 0] Mismatch between tokenized prompt and the start of tokenized prompt+rejected. This may be due to unexpected tokenizer behavior, whitespace issues, or special token handling. Verify that the tokenizer is processing text consistently.
[RANK 0] Mismatch between tokenized prompt and the start of tokenized prompt+chosen. This may be due to unexpected tokenizer behavior, whitespace issues, or special token handling. Verify that the tokenizer is processing text consistently.
[RANK 0] Mismatch between tokenized prompt and the start of tokenized prompt+rejected. This may be due to unexpected tokenizer behavior, whitespace issues, or special token handling. Verify that the tokenizer is processing text consistently.
[RANK 0] Mismatch between tokenized prompt and the start of tokenized prompt+chosen. This may be due to unexpected tokenizer behavior, whitespace issues, or special token handling. Verify that the tokenizer is processing text consistently.
[RANK 0] Mismatch between tokenized prompt and the start of tokenized prompt+rejected. This may be due to unexpected tokenizer behavior, whitespace issues, or special token handling. Verify that the tokenizer is processing text consistently.
[RANK 0] Mismatch between tokenized prompt and the start of tokenized prompt+chosen. This may be due to unexpected tokenizer behavior, whitespace issues, or special token handling. Verify that the tokenizer is processing text consistently.
[RANK 0] Mismatch between tokenized prompt and the start of tokenized prompt+rejected. This may be due to unexpected tokenizer behavior, whitespace issues, or special token handling. Verify that the tokenizer is processing text consistently.
[RANK 0] Mismatch between tokenized prompt and the start of tokenized prompt+chosen. This may be due to unexpected tokenizer behavior, whitespace issues, or special token handling. Verify that the tokenizer is processing text consistently.
[RANK 0] Mismatch between tokenized prompt and the start of tokenized prompt+rejected. This may be due to unexpected tokenizer behavior, whitespace issues, or special token handling. Verify that the tokenizer is processing text consistently.
[RANK 0] Mismatch between tokenized prompt and the start of tokenized prompt+rejected. This may be due to unexpected tokenizer behavior, whitespace issues, or special token handling. Verify that the tokenizer is processing text consistently.
[RANK 0] Mismatch between tokenized prompt and the start of tokenized prompt+chosen. This may be due to unexpected tokenizer behavior, whitespace issues, or special token handling. Verify that the tokenizer is processing text consistently.
[RANK 0] Mismatch between tokenized prompt and the start of tokenized prompt+rejected. This may be due to unexpected tokenizer behavior, whitespace issues, or special token handling. Verify that the tokenizer is processing text consistently.
[RANK 0] Mismatch between tokenized prompt and the start of tokenized prompt+rejected. This may be due to unexpected tokenizer behavior, whitespace issues, or special token handling. Verify that the tokenizer is processing text consistently.
[RANK 0] Mismatch between tokenized prompt and the start of tokenized prompt+chosen. This may be due to unexpected tokenizer behavior, whitespace issues, or special token handling. Verify that the tokenizer is processing text consistently.
[RANK 0] Mismatch between tokenized prompt and the start of tokenized prompt+rejected. This may be due to unexpected tokenizer behavior, whitespace issues, or special token handling. Verify that the tokenizer is processing text consistently.
[RANK 0] Mismatch between tokenized prompt and the start of tokenized prompt+chosen. This may be due to unexpected tokenizer behavior, whitespace issues, or special token handling. Verify that the tokenizer is processing text consistently.
[RANK 0] Mismatch between tokenized prompt and the start of tokenized prompt+rejected. This may be due to unexpected tokenizer behavior, whitespace issues, or special token handling. Verify that the tokenizer is processing text consistently.
[RANK 0] Mismatch between tokenized prompt and the start of tokenized prompt+chosen. This may be due to unexpected tokenizer behavior, whitespace issues, or special token handling. Verify that the tokenizer is processing text consistently.
[RANK 0] Mismatch between tokenized prompt and the start of tokenized prompt+rejected. This may be due to unexpected tokenizer behavior, whitespace issues, or special token handling. Verify that the tokenizer is processing text consistently.
[RANK 0] Mismatch between tokenized prompt and the start of tokenized prompt+chosen. This may be due to unexpected tokenizer behavior, whitespace issues, or special token handling. Verify that the tokenizer is processing text consistently.
[RANK 0] Mismatch between tokenized prompt and the start of tokenized prompt+rejected. This may be due to unexpected tokenizer behavior, whitespace issues, or special token handling. Verify that the tokenizer is processing text consistently.
[RANK 0] Mismatch between tokenized prompt and the start of tokenized prompt+chosen. This may be due to unexpected tokenizer behavior, whitespace issues, or special token handling. Verify that the tokenizer is processing text consistently.
[RANK 0] Mismatch between tokenized prompt and the start of tokenized prompt+chosen. This may be due to unexpected tokenizer behavior, whitespace issues, or special token handling. Verify that the tokenizer is processing text consistently.
[RANK 0] Mismatch between tokenized prompt and the start of tokenized prompt+rejected. This may be due to unexpected tokenizer behavior, whitespace issues, or special token handling. Verify that the tokenizer is processing text consistently.
[RANK 0] Mismatch between tokenized prompt and the start of tokenized prompt+rejected. This may be due to unexpected tokenizer behavior, whitespace issues, or special token handling. Verify that the tokenizer is processing text consistently.
[RANK 0] Mismatch between tokenized prompt and the start of tokenized prompt+chosen. This may be due to unexpected tokenizer behavior, whitespace issues, or special token handling. Verify that the tokenizer is processing text consistently.
[RANK 0] Mismatch between tokenized prompt and the start of tokenized prompt+chosen. This may be due to unexpected tokenizer behavior, whitespace issues, or special token handling. Verify that the tokenizer is processing text consistently.
[RANK 0] Mismatch between tokenized prompt and the start of tokenized prompt+rejected. This may be due to unexpected tokenizer behavior, whitespace issues, or special token handling. Verify that the tokenizer is processing text consistently.
[RANK 0] Mismatch between tokenized prompt and the start of tokenized prompt+chosen. This may be due to unexpected tokenizer behavior, whitespace issues, or special token handling. Verify that the tokenizer is processing text consistently.
[RANK 0] Mismatch between tokenized prompt and the start of tokenized prompt+rejected. This may be due to unexpected tokenizer behavior, whitespace issues, or special token handling. Verify that the tokenizer is processing text consistently.
[RANK 0] Mismatch between tokenized prompt and the start of tokenized prompt+chosen. This may be due to unexpected tokenizer behavior, whitespace issues, or special token handling. Verify that the tokenizer is processing text consistently.
[RANK 0] Mismatch between tokenized prompt and the start of tokenized prompt+rejected. This may be due to unexpected tokenizer behavior, whitespace issues, or special token handling. Verify that the tokenizer is processing text consistently.
[RANK 0] Mismatch between tokenized prompt and the start of tokenized prompt+chosen. This may be due to unexpected tokenizer behavior, whitespace issues, or special token handling. Verify that the tokenizer is processing text consistently.
[RANK 0] Mismatch between tokenized prompt and the start of tokenized prompt+chosen. This may be due to unexpected tokenizer behavior, whitespace issues, or special token handling. Verify that the tokenizer is processing text consistently.
[RANK 0] Mismatch between tokenized prompt and the start of tokenized prompt+rejected. This may be due to unexpected tokenizer behavior, whitespace issues, or special token handling. Verify that the tokenizer is processing text consistently.
[RANK 0] Mismatch between tokenized prompt and the start of tokenized prompt+chosen. This may be due to unexpected tokenizer behavior, whitespace issues, or special token handling. Verify that the tokenizer is processing text consistently.
[RANK 0] Mismatch between tokenized prompt and the start of tokenized prompt+rejected. This may be due to unexpected tokenizer behavior, whitespace issues, or special token handling. Verify that the tokenizer is processing text consistently.
[RANK 0] Mismatch between tokenized prompt and the start of tokenized prompt+chosen. This may be due to unexpected tokenizer behavior, whitespace issues, or special token handling. Verify that the tokenizer is processing text consistently.
[RANK 0] Mismatch between tokenized prompt and the start of tokenized prompt+rejected. This may be due to unexpected tokenizer behavior, whitespace issues, or special token handling. Verify that the tokenizer is processing text consistently.
[RANK 0] Mismatch between tokenized prompt and the start of tokenized prompt+chosen. This may be due to unexpected tokenizer behavior, whitespace issues, or special token handling. Verify that the tokenizer is processing text consistently.
[RANK 0] Mismatch between tokenized prompt and the start of tokenized prompt+rejected. This may be due to unexpected tokenizer behavior, whitespace issues, or special token handling. Verify that the tokenizer is processing text consistently.
[RANK 0] Mismatch between tokenized prompt and the start of tokenized prompt+chosen. This may be due to unexpected tokenizer behavior, whitespace issues, or special token handling. Verify that the tokenizer is processing text consistently.
[RANK 0] Mismatch between tokenized prompt and the start of tokenized prompt+rejected. This may be due to unexpected tokenizer behavior, whitespace issues, or special token handling. Verify that the tokenizer is processing text consistently.
[RANK 0] Mismatch between tokenized prompt and the start of tokenized prompt+chosen. This may be due to unexpected tokenizer behavior, whitespace issues, or special token handling. Verify that the tokenizer is processing text consistently.
[RANK 0] Mismatch between tokenized prompt and the start of tokenized prompt+rejected. This may be due to unexpected tokenizer behavior, whitespace issues, or special token handling. Verify that the tokenizer is processing text consistently.
[RANK 0] Mismatch between tokenized prompt and the start of tokenized prompt+chosen. This may be due to unexpected tokenizer behavior, whitespace issues, or special token handling. Verify that the tokenizer is processing text consistently.
[RANK 0] Mismatch between tokenized prompt and the start of tokenized prompt+rejected. This may be due to unexpected tokenizer behavior, whitespace issues, or special token handling. Verify that the tokenizer is processing text consistently.
[RANK 0] Mismatch between tokenized prompt and the start of tokenized prompt+chosen. This may be due to unexpected tokenizer behavior, whitespace issues, or special token handling. Verify that the tokenizer is processing text consistently.
[RANK 0] Mismatch between tokenized prompt and the start of tokenized prompt+rejected. This may be due to unexpected tokenizer behavior, whitespace issues, or special token handling. Verify that the tokenizer is processing text consistently.
[RANK 0] Mismatch between tokenized prompt and the start of tokenized prompt+chosen. This may be due to unexpected tokenizer behavior, whitespace issues, or special token handling. Verify that the tokenizer is processing text consistently.
[RANK 0] Mismatch between tokenized prompt and the start of tokenized prompt+rejected. This may be due to unexpected tokenizer behavior, whitespace issues, or special token handling. Verify that the tokenizer is processing text consistently.
[RANK 0] Mismatch between tokenized prompt and the start of tokenized prompt+rejected. This may be due to unexpected tokenizer behavior, whitespace issues, or special token handling. Verify that the tokenizer is processing text consistently.
[RANK 0] Mismatch between tokenized prompt and the start of tokenized prompt+chosen. This may be due to unexpected tokenizer behavior, whitespace issues, or special token handling. Verify that the tokenizer is processing text consistently.
[RANK 0] Mismatch between tokenized prompt and the start of tokenized prompt+rejected. This may be due to unexpected tokenizer behavior, whitespace issues, or special token handling. Verify that the tokenizer is processing text consistently.
[RANK 0] Mismatch between tokenized prompt and the start of tokenized prompt+chosen. This may be due to unexpected tokenizer behavior, whitespace issues, or special token handling. Verify that the tokenizer is processing text consistently.
[RANK 0] Mismatch between tokenized prompt and the start of tokenized prompt+rejected. This may be due to unexpected tokenizer behavior, whitespace issues, or special token handling. Verify that the tokenizer is processing text consistently.
[RANK 0] Mismatch between tokenized prompt and the start of tokenized prompt+chosen. This may be due to unexpected tokenizer behavior, whitespace issues, or special token handling. Verify that the tokenizer is processing text consistently.
[RANK 0] Mismatch between tokenized prompt and the start of tokenized prompt+rejected. This may be due to unexpected tokenizer behavior, whitespace issues, or special token handling. Verify that the tokenizer is processing text consistently.
[RANK 0] Mismatch between tokenized prompt and the start of tokenized prompt+chosen. This may be due to unexpected tokenizer behavior, whitespace issues, or special token handling. Verify that the tokenizer is processing text consistently.
[RANK 0] Mismatch between tokenized prompt and the start of tokenized prompt+rejected. This may be due to unexpected tokenizer behavior, whitespace issues, or special token handling. Verify that the tokenizer is processing text consistently.
[RANK 0] Mismatch between tokenized prompt and the start of tokenized prompt+chosen. This may be due to unexpected tokenizer behavior, whitespace issues, or special token handling. Verify that the tokenizer is processing text consistently.
[RANK 0] Mismatch between tokenized prompt and the start of tokenized prompt+rejected. This may be due to unexpected tokenizer behavior, whitespace issues, or special token handling. Verify that the tokenizer is processing text consistently.
[RANK 0] Mismatch between tokenized prompt and the start of tokenized prompt+chosen. This may be due to unexpected tokenizer behavior, whitespace issues, or special token handling. Verify that the tokenizer is processing text consistently.
[RANK 0] Mismatch between tokenized prompt and the start of tokenized prompt+rejected. This may be due to unexpected tokenizer behavior, whitespace issues, or special token handling. Verify that the tokenizer is processing text consistently.
[RANK 0] Mismatch between tokenized prompt and the start of tokenized prompt+chosen. This may be due to unexpected tokenizer behavior, whitespace issues, or special token handling. Verify that the tokenizer is processing text consistently.
[RANK 0] Mismatch between tokenized prompt and the start of tokenized prompt+rejected. This may be due to unexpected tokenizer behavior, whitespace issues, or special token handling. Verify that the tokenizer is processing text consistently.
[RANK 0] Mismatch between tokenized prompt and the start of tokenized prompt+chosen. This may be due to unexpected tokenizer behavior, whitespace issues, or special token handling. Verify that the tokenizer is processing text consistently.
[RANK 0] Mismatch between tokenized prompt and the start of tokenized prompt+rejected. This may be due to unexpected tokenizer behavior, whitespace issues, or special token handling. Verify that the tokenizer is processing text consistently.
[RANK 0] Mismatch between tokenized prompt and the start of tokenized prompt+chosen. This may be due to unexpected tokenizer behavior, whitespace issues, or special token handling. Verify that the tokenizer is processing text consistently.
[RANK 0] Mismatch between tokenized prompt and the start of tokenized prompt+rejected. This may be due to unexpected tokenizer behavior, whitespace issues, or special token handling. Verify that the tokenizer is processing text consistently.
[RANK 0] Mismatch between tokenized prompt and the start of tokenized prompt+chosen. This may be due to unexpected tokenizer behavior, whitespace issues, or special token handling. Verify that the tokenizer is processing text consistently.
[RANK 0] Mismatch between tokenized prompt and the start of tokenized prompt+rejected. This may be due to unexpected tokenizer behavior, whitespace issues, or special token handling. Verify that the tokenizer is processing text consistently.
[RANK 0] Mismatch between tokenized prompt and the start of tokenized prompt+chosen. This may be due to unexpected tokenizer behavior, whitespace issues, or special token handling. Verify that the tokenizer is processing text consistently.
[RANK 0] Mismatch between tokenized prompt and the start of tokenized prompt+rejected. This may be due to unexpected tokenizer behavior, whitespace issues, or special token handling. Verify that the tokenizer is processing text consistently.
[RANK 0] Mismatch between tokenized prompt and the start of tokenized prompt+chosen. This may be due to unexpected tokenizer behavior, whitespace issues, or special token handling. Verify that the tokenizer is processing text consistently.
[RANK 0] Mismatch between tokenized prompt and the start of tokenized prompt+rejected. This may be due to unexpected tokenizer behavior, whitespace issues, or special token handling. Verify that the tokenizer is processing text consistently.
[RANK 0] Mismatch between tokenized prompt and the start of tokenized prompt+chosen. This may be due to unexpected tokenizer behavior, whitespace issues, or special token handling. Verify that the tokenizer is processing text consistently.
[RANK 0] Mismatch between tokenized prompt and the start of tokenized prompt+rejected. This may be due to unexpected tokenizer behavior, whitespace issues, or special token handling. Verify that the tokenizer is processing text consistently.
[RANK 0] Mismatch between tokenized prompt and the start of tokenized prompt+chosen. This may be due to unexpected tokenizer behavior, whitespace issues, or special token handling. Verify that the tokenizer is processing text consistently.
[RANK 0] Mismatch between tokenized prompt and the start of tokenized prompt+chosen. This may be due to unexpected tokenizer behavior, whitespace issues, or special token handling. Verify that the tokenizer is processing text consistently.
[RANK 0] Mismatch between tokenized prompt and the start of tokenized prompt+rejected. This may be due to unexpected tokenizer behavior, whitespace issues, or special token handling. Verify that the tokenizer is processing text consistently.
[RANK 0] Mismatch between tokenized prompt and the start of tokenized prompt+chosen. This may be due to unexpected tokenizer behavior, whitespace issues, or special token handling. Verify that the tokenizer is processing text consistently.
[RANK 0] Mismatch between tokenized prompt and the start of tokenized prompt+rejected. This may be due to unexpected tokenizer behavior, whitespace issues, or special token handling. Verify that the tokenizer is processing text consistently.
[RANK 0] Mismatch between tokenized prompt and the start of tokenized prompt+chosen. This may be due to unexpected tokenizer behavior, whitespace issues, or special token handling. Verify that the tokenizer is processing text consistently.
[RANK 0] Mismatch between tokenized prompt and the start of tokenized prompt+rejected. This may be due to unexpected tokenizer behavior, whitespace issues, or special token handling. Verify that the tokenizer is processing text consistently.
[RANK 0] Mismatch between tokenized prompt and the start of tokenized prompt+chosen. This may be due to unexpected tokenizer behavior, whitespace issues, or special token handling. Verify that the tokenizer is processing text consistently.
[RANK 0] Mismatch between tokenized prompt and the start of tokenized prompt+rejected. This may be due to unexpected tokenizer behavior, whitespace issues, or special token handling. Verify that the tokenizer is processing text consistently.
[RANK 0] Mismatch between tokenized prompt and the start of tokenized prompt+chosen. This may be due to unexpected tokenizer behavior, whitespace issues, or special token handling. Verify that the tokenizer is processing text consistently.
[RANK 0] Mismatch between tokenized prompt and the start of tokenized prompt+rejected. This may be due to unexpected tokenizer behavior, whitespace issues, or special token handling. Verify that the tokenizer is processing text consistently.
[RANK 0] Mismatch between tokenized prompt and the start of tokenized prompt+chosen. This may be due to unexpected tokenizer behavior, whitespace issues, or special token handling. Verify that the tokenizer is processing text consistently.
[RANK 0] Mismatch between tokenized prompt and the start of tokenized prompt+rejected. This may be due to unexpected tokenizer behavior, whitespace issues, or special token handling. Verify that the tokenizer is processing text consistently.
[RANK 0] Mismatch between tokenized prompt and the start of tokenized prompt+chosen. This may be due to unexpected tokenizer behavior, whitespace issues, or special token handling. Verify that the tokenizer is processing text consistently.
[RANK 0] Mismatch between tokenized prompt and the start of tokenized prompt+rejected. This may be due to unexpected tokenizer behavior, whitespace issues, or special token handling. Verify that the tokenizer is processing text consistently.
[RANK 0] Mismatch between tokenized prompt and the start of tokenized prompt+chosen. This may be due to unexpected tokenizer behavior, whitespace issues, or special token handling. Verify that the tokenizer is processing text consistently.
[RANK 0] Mismatch between tokenized prompt and the start of tokenized prompt+rejected. This may be due to unexpected tokenizer behavior, whitespace issues, or special token handling. Verify that the tokenizer is processing text consistently.
[RANK 0] Mismatch between tokenized prompt and the start of tokenized prompt+rejected. This may be due to unexpected tokenizer behavior, whitespace issues, or special token handling. Verify that the tokenizer is processing text consistently.
[RANK 0] Mismatch between tokenized prompt and the start of tokenized prompt+chosen. This may be due to unexpected tokenizer behavior, whitespace issues, or special token handling. Verify that the tokenizer is processing text consistently.
[RANK 0] Mismatch between tokenized prompt and the start of tokenized prompt+rejected. This may be due to unexpected tokenizer behavior, whitespace issues, or special token handling. Verify that the tokenizer is processing text consistently.
[RANK 0] Mismatch between tokenized prompt and the start of tokenized prompt+rejected. This may be due to unexpected tokenizer behavior, whitespace issues, or special token handling. Verify that the tokenizer is processing text consistently.
[RANK 0] Mismatch between tokenized prompt and the start of tokenized prompt+chosen. This may be due to unexpected tokenizer behavior, whitespace issues, or special token handling. Verify that the tokenizer is processing text consistently.
[RANK 0] Mismatch between tokenized prompt and the start of tokenized prompt+rejected. This may be due to unexpected tokenizer behavior, whitespace issues, or special token handling. Verify that the tokenizer is processing text consistently.
[RANK 0] Mismatch between tokenized prompt and the start of tokenized prompt+rejected. This may be due to unexpected tokenizer behavior, whitespace issues, or special token handling. Verify that the tokenizer is processing text consistently.
[RANK 0] Mismatch between tokenized prompt and the start of tokenized prompt+chosen. This may be due to unexpected tokenizer behavior, whitespace issues, or special token handling. Verify that the tokenizer is processing text consistently.
[RANK 0] Mismatch between tokenized prompt and the start of tokenized prompt+rejected. This may be due to unexpected tokenizer behavior, whitespace issues, or special token handling. Verify that the tokenizer is processing text consistently.
[RANK 0] Mismatch between tokenized prompt and the start of tokenized prompt+chosen. This may be due to unexpected tokenizer behavior, whitespace issues, or special token handling. Verify that the tokenizer is processing text consistently.
[RANK 0] Mismatch between tokenized prompt and the start of tokenized prompt+rejected. This may be due to unexpected tokenizer behavior, whitespace issues, or special token handling. Verify that the tokenizer is processing text consistently.
[RANK 0] Mismatch between tokenized prompt and the start of tokenized prompt+chosen. This may be due to unexpected tokenizer behavior, whitespace issues, or special token handling. Verify that the tokenizer is processing text consistently.
[RANK 0] Mismatch between tokenized prompt and the start of tokenized prompt+rejected. This may be due to unexpected tokenizer behavior, whitespace issues, or special token handling. Verify that the tokenizer is processing text consistently.
[RANK 0] Mismatch between tokenized prompt and the start of tokenized prompt+chosen. This may be due to unexpected tokenizer behavior, whitespace issues, or special token handling. Verify that the tokenizer is processing text consistently.
[RANK 0] Mismatch between tokenized prompt and the start of tokenized prompt+rejected. This may be due to unexpected tokenizer behavior, whitespace issues, or special token handling. Verify that the tokenizer is processing text consistently.
[RANK 0] Mismatch between tokenized prompt and the start of tokenized prompt+chosen. This may be due to unexpected tokenizer behavior, whitespace issues, or special token handling. Verify that the tokenizer is processing text consistently.
[RANK 0] Mismatch between tokenized prompt and the start of tokenized prompt+rejected. This may be due to unexpected tokenizer behavior, whitespace issues, or special token handling. Verify that the tokenizer is processing text consistently.
[RANK 0] Mismatch between tokenized prompt and the start of tokenized prompt+chosen. This may be due to unexpected tokenizer behavior, whitespace issues, or special token handling. Verify that the tokenizer is processing text consistently.
[RANK 0] Mismatch between tokenized prompt and the start of tokenized prompt+rejected. This may be due to unexpected tokenizer behavior, whitespace issues, or special token handling. Verify that the tokenizer is processing text consistently.
[RANK 0] Mismatch between tokenized prompt and the start of tokenized prompt+chosen. This may be due to unexpected tokenizer behavior, whitespace issues, or special token handling. Verify that the tokenizer is processing text consistently.
[RANK 0] Mismatch between tokenized prompt and the start of tokenized prompt+rejected. This may be due to unexpected tokenizer behavior, whitespace issues, or special token handling. Verify that the tokenizer is processing text consistently.
[RANK 0] Mismatch between tokenized prompt and the start of tokenized prompt+chosen. This may be due to unexpected tokenizer behavior, whitespace issues, or special token handling. Verify that the tokenizer is processing text consistently.
[RANK 0] Mismatch between tokenized prompt and the start of tokenized prompt+rejected. This may be due to unexpected tokenizer behavior, whitespace issues, or special token handling. Verify that the tokenizer is processing text consistently.
[RANK 0] Mismatch between tokenized prompt and the start of tokenized prompt+chosen. This may be due to unexpected tokenizer behavior, whitespace issues, or special token handling. Verify that the tokenizer is processing text consistently.
[RANK 0] Mismatch between tokenized prompt and the start of tokenized prompt+rejected. This may be due to unexpected tokenizer behavior, whitespace issues, or special token handling. Verify that the tokenizer is processing text consistently.
[RANK 0] Mismatch between tokenized prompt and the start of tokenized prompt+chosen. This may be due to unexpected tokenizer behavior, whitespace issues, or special token handling. Verify that the tokenizer is processing text consistently.
[RANK 0] Mismatch between tokenized prompt and the start of tokenized prompt+rejected. This may be due to unexpected tokenizer behavior, whitespace issues, or special token handling. Verify that the tokenizer is processing text consistently.
[RANK 0] Mismatch between tokenized prompt and the start of tokenized prompt+chosen. This may be due to unexpected tokenizer behavior, whitespace issues, or special token handling. Verify that the tokenizer is processing text consistently.
[RANK 0] Mismatch between tokenized prompt and the start of tokenized prompt+rejected. This may be due to unexpected tokenizer behavior, whitespace issues, or special token handling. Verify that the tokenizer is processing text consistently.
[RANK 0] Mismatch between tokenized prompt and the start of tokenized prompt+chosen. This may be due to unexpected tokenizer behavior, whitespace issues, or special token handling. Verify that the tokenizer is processing text consistently.
[RANK 0] Mismatch between tokenized prompt and the start of tokenized prompt+rejected. This may be due to unexpected tokenizer behavior, whitespace issues, or special token handling. Verify that the tokenizer is processing text consistently.
[RANK 0] Mismatch between tokenized prompt and the start of tokenized prompt+chosen. This may be due to unexpected tokenizer behavior, whitespace issues, or special token handling. Verify that the tokenizer is processing text consistently.
[RANK 0] Mismatch between tokenized prompt and the start of tokenized prompt+rejected. This may be due to unexpected tokenizer behavior, whitespace issues, or special token handling. Verify that the tokenizer is processing text consistently.
[RANK 0] Mismatch between tokenized prompt and the start of tokenized prompt+chosen. This may be due to unexpected tokenizer behavior, whitespace issues, or special token handling. Verify that the tokenizer is processing text consistently.
[RANK 0] Mismatch between tokenized prompt and the start of tokenized prompt+rejected. This may be due to unexpected tokenizer behavior, whitespace issues, or special token handling. Verify that the tokenizer is processing text consistently.
[RANK 0] Mismatch between tokenized prompt and the start of tokenized prompt+chosen. This may be due to unexpected tokenizer behavior, whitespace issues, or special token handling. Verify that the tokenizer is processing text consistently.
[RANK 0] Mismatch between tokenized prompt and the start of tokenized prompt+rejected. This may be due to unexpected tokenizer behavior, whitespace issues, or special token handling. Verify that the tokenizer is processing text consistently.
[RANK 0] Mismatch between tokenized prompt and the start of tokenized prompt+chosen. This may be due to unexpected tokenizer behavior, whitespace issues, or special token handling. Verify that the tokenizer is processing text consistently.
[RANK 0] Mismatch between tokenized prompt and the start of tokenized prompt+rejected. This may be due to unexpected tokenizer behavior, whitespace issues, or special token handling. Verify that the tokenizer is processing text consistently.
[RANK 0] Mismatch between tokenized prompt and the start of tokenized prompt+chosen. This may be due to unexpected tokenizer behavior, whitespace issues, or special token handling. Verify that the tokenizer is processing text consistently.
[RANK 0] Mismatch between tokenized prompt and the start of tokenized prompt+rejected. This may be due to unexpected tokenizer behavior, whitespace issues, or special token handling. Verify that the tokenizer is processing text consistently.
[RANK 0] Mismatch between tokenized prompt and the start of tokenized prompt+chosen. This may be due to unexpected tokenizer behavior, whitespace issues, or special token handling. Verify that the tokenizer is processing text consistently.
[RANK 0] Mismatch between tokenized prompt and the start of tokenized prompt+rejected. This may be due to unexpected tokenizer behavior, whitespace issues, or special token handling. Verify that the tokenizer is processing text consistently.
[RANK 0] Mismatch between tokenized prompt and the start of tokenized prompt+chosen. This may be due to unexpected tokenizer behavior, whitespace issues, or special token handling. Verify that the tokenizer is processing text consistently.
[RANK 0] Mismatch between tokenized prompt and the start of tokenized prompt+rejected. This may be due to unexpected tokenizer behavior, whitespace issues, or special token handling. Verify that the tokenizer is processing text consistently.
[RANK 0] Mismatch between tokenized prompt and the start of tokenized prompt+rejected. This may be due to unexpected tokenizer behavior, whitespace issues, or special token handling. Verify that the tokenizer is processing text consistently.
[RANK 0] Mismatch between tokenized prompt and the start of tokenized prompt+chosen. This may be due to unexpected tokenizer behavior, whitespace issues, or special token handling. Verify that the tokenizer is processing text consistently.
[RANK 0] Mismatch between tokenized prompt and the start of tokenized prompt+rejected. This may be due to unexpected tokenizer behavior, whitespace issues, or special token handling. Verify that the tokenizer is processing text consistently.
[RANK 0] Mismatch between tokenized prompt and the start of tokenized prompt+chosen. This may be due to unexpected tokenizer behavior, whitespace issues, or special token handling. Verify that the tokenizer is processing text consistently.
[RANK 0] Mismatch between tokenized prompt and the start of tokenized prompt+rejected. This may be due to unexpected tokenizer behavior, whitespace issues, or special token handling. Verify that the tokenizer is processing text consistently.
[RANK 0] Mismatch between tokenized prompt and the start of tokenized prompt+chosen. This may be due to unexpected tokenizer behavior, whitespace issues, or special token handling. Verify that the tokenizer is processing text consistently.
[RANK 0] Mismatch between tokenized prompt and the start of tokenized prompt+rejected. This may be due to unexpected tokenizer behavior, whitespace issues, or special token handling. Verify that the tokenizer is processing text consistently.
[RANK 0] Mismatch between tokenized prompt and the start of tokenized prompt+chosen. This may be due to unexpected tokenizer behavior, whitespace issues, or special token handling. Verify that the tokenizer is processing text consistently.
[RANK 0] Mismatch between tokenized prompt and the start of tokenized prompt+rejected. This may be due to unexpected tokenizer behavior, whitespace issues, or special token handling. Verify that the tokenizer is processing text consistently.
[RANK 0] Mismatch between tokenized prompt and the start of tokenized prompt+chosen. This may be due to unexpected tokenizer behavior, whitespace issues, or special token handling. Verify that the tokenizer is processing text consistently.
[RANK 0] Mismatch between tokenized prompt and the start of tokenized prompt+rejected. This may be due to unexpected tokenizer behavior, whitespace issues, or special token handling. Verify that the tokenizer is processing text consistently.
[RANK 0] Mismatch between tokenized prompt and the start of tokenized prompt+chosen. This may be due to unexpected tokenizer behavior, whitespace issues, or special token handling. Verify that the tokenizer is processing text consistently.
[RANK 0] Mismatch between tokenized prompt and the start of tokenized prompt+chosen. This may be due to unexpected tokenizer behavior, whitespace issues, or special token handling. Verify that the tokenizer is processing text consistently.
[RANK 0] Mismatch between tokenized prompt and the start of tokenized prompt+rejected. This may be due to unexpected tokenizer behavior, whitespace issues, or special token handling. Verify that the tokenizer is processing text consistently.
Tokenizing train dataset:  43%|████▎     | 118/273 [00:00<00:00, 1162.76 examples/s][RANK 0] Mismatch between tokenized prompt and the start of tokenized prompt+chosen. This may be due to unexpected tokenizer behavior, whitespace issues, or special token handling. Verify that the tokenizer is processing text consistently.
[RANK 0] Mismatch between tokenized prompt and the start of tokenized prompt+chosen. This may be due to unexpected tokenizer behavior, whitespace issues, or special token handling. Verify that the tokenizer is processing text consistently.
[RANK 0] Mismatch between tokenized prompt and the start of tokenized prompt+rejected. This may be due to unexpected tokenizer behavior, whitespace issues, or special token handling. Verify that the tokenizer is processing text consistently.
[RANK 0] Mismatch between tokenized prompt and the start of tokenized prompt+chosen. This may be due to unexpected tokenizer behavior, whitespace issues, or special token handling. Verify that the tokenizer is processing text consistently.
[RANK 0] Mismatch between tokenized prompt and the start of tokenized prompt+rejected. This may be due to unexpected tokenizer behavior, whitespace issues, or special token handling. Verify that the tokenizer is processing text consistently.
[RANK 0] Mismatch between tokenized prompt and the start of tokenized prompt+chosen. This may be due to unexpected tokenizer behavior, whitespace issues, or special token handling. Verify that the tokenizer is processing text consistently.
[RANK 0] Mismatch between tokenized prompt and the start of tokenized prompt+rejected. This may be due to unexpected tokenizer behavior, whitespace issues, or special token handling. Verify that the tokenizer is processing text consistently.
[RANK 0] Mismatch between tokenized prompt and the start of tokenized prompt+chosen. This may be due to unexpected tokenizer behavior, whitespace issues, or special token handling. Verify that the tokenizer is processing text consistently.
[RANK 0] Mismatch between tokenized prompt and the start of tokenized prompt+rejected. This may be due to unexpected tokenizer behavior, whitespace issues, or special token handling. Verify that the tokenizer is processing text consistently.
[RANK 0] Mismatch between tokenized prompt and the start of tokenized prompt+chosen. This may be due to unexpected tokenizer behavior, whitespace issues, or special token handling. Verify that the tokenizer is processing text consistently.
[RANK 0] Mismatch between tokenized prompt and the start of tokenized prompt+rejected. This may be due to unexpected tokenizer behavior, whitespace issues, or special token handling. Verify that the tokenizer is processing text consistently.
[RANK 0] Mismatch between tokenized prompt and the start of tokenized prompt+chosen. This may be due to unexpected tokenizer behavior, whitespace issues, or special token handling. Verify that the tokenizer is processing text consistently.
[RANK 0] Mismatch between tokenized prompt and the start of tokenized prompt+rejected. This may be due to unexpected tokenizer behavior, whitespace issues, or special token handling. Verify that the tokenizer is processing text consistently.
[RANK 0] Mismatch between tokenized prompt and the start of tokenized prompt+chosen. This may be due to unexpected tokenizer behavior, whitespace issues, or special token handling. Verify that the tokenizer is processing text consistently.
[RANK 0] Mismatch between tokenized prompt and the start of tokenized prompt+rejected. This may be due to unexpected tokenizer behavior, whitespace issues, or special token handling. Verify that the tokenizer is processing text consistently.
[RANK 0] Mismatch between tokenized prompt and the start of tokenized prompt+chosen. This may be due to unexpected tokenizer behavior, whitespace issues, or special token handling. Verify that the tokenizer is processing text consistently.
[RANK 0] Mismatch between tokenized prompt and the start of tokenized prompt+rejected. This may be due to unexpected tokenizer behavior, whitespace issues, or special token handling. Verify that the tokenizer is processing text consistently.
[RANK 0] Mismatch between tokenized prompt and the start of tokenized prompt+chosen. This may be due to unexpected tokenizer behavior, whitespace issues, or special token handling. Verify that the tokenizer is processing text consistently.
[RANK 0] Mismatch between tokenized prompt and the start of tokenized prompt+rejected. This may be due to unexpected tokenizer behavior, whitespace issues, or special token handling. Verify that the tokenizer is processing text consistently.
[RANK 0] Mismatch between tokenized prompt and the start of tokenized prompt+chosen. This may be due to unexpected tokenizer behavior, whitespace issues, or special token handling. Verify that the tokenizer is processing text consistently.
[RANK 0] Mismatch between tokenized prompt and the start of tokenized prompt+rejected. This may be due to unexpected tokenizer behavior, whitespace issues, or special token handling. Verify that the tokenizer is processing text consistently.
[RANK 0] Mismatch between tokenized prompt and the start of tokenized prompt+chosen. This may be due to unexpected tokenizer behavior, whitespace issues, or special token handling. Verify that the tokenizer is processing text consistently.
[RANK 0] Mismatch between tokenized prompt and the start of tokenized prompt+rejected. This may be due to unexpected tokenizer behavior, whitespace issues, or special token handling. Verify that the tokenizer is processing text consistently.
[RANK 0] Mismatch between tokenized prompt and the start of tokenized prompt+chosen. This may be due to unexpected tokenizer behavior, whitespace issues, or special token handling. Verify that the tokenizer is processing text consistently.
[RANK 0] Mismatch between tokenized prompt and the start of tokenized prompt+rejected. This may be due to unexpected tokenizer behavior, whitespace issues, or special token handling. Verify that the tokenizer is processing text consistently.
[RANK 0] Mismatch between tokenized prompt and the start of tokenized prompt+chosen. This may be due to unexpected tokenizer behavior, whitespace issues, or special token handling. Verify that the tokenizer is processing text consistently.
[RANK 0] Mismatch between tokenized prompt and the start of tokenized prompt+rejected. This may be due to unexpected tokenizer behavior, whitespace issues, or special token handling. Verify that the tokenizer is processing text consistently.
[RANK 0] Mismatch between tokenized prompt and the start of tokenized prompt+chosen. This may be due to unexpected tokenizer behavior, whitespace issues, or special token handling. Verify that the tokenizer is processing text consistently.
[RANK 0] Mismatch between tokenized prompt and the start of tokenized prompt+rejected. This may be due to unexpected tokenizer behavior, whitespace issues, or special token handling. Verify that the tokenizer is processing text consistently.
[RANK 0] Mismatch between tokenized prompt and the start of tokenized prompt+chosen. This may be due to unexpected tokenizer behavior, whitespace issues, or special token handling. Verify that the tokenizer is processing text consistently.
[RANK 0] Mismatch between tokenized prompt and the start of tokenized prompt+rejected. This may be due to unexpected tokenizer behavior, whitespace issues, or special token handling. Verify that the tokenizer is processing text consistently.
[RANK 0] Mismatch between tokenized prompt and the start of tokenized prompt+chosen. This may be due to unexpected tokenizer behavior, whitespace issues, or special token handling. Verify that the tokenizer is processing text consistently.
[RANK 0] Mismatch between tokenized prompt and the start of tokenized prompt+rejected. This may be due to unexpected tokenizer behavior, whitespace issues, or special token handling. Verify that the tokenizer is processing text consistently.
[RANK 0] Mismatch between tokenized prompt and the start of tokenized prompt+chosen. This may be due to unexpected tokenizer behavior, whitespace issues, or special token handling. Verify that the tokenizer is processing text consistently.
[RANK 0] Mismatch between tokenized prompt and the start of tokenized prompt+rejected. This may be due to unexpected tokenizer behavior, whitespace issues, or special token handling. Verify that the tokenizer is processing text consistently.
[RANK 0] Mismatch between tokenized prompt and the start of tokenized prompt+chosen. This may be due to unexpected tokenizer behavior, whitespace issues, or special token handling. Verify that the tokenizer is processing text consistently.
[RANK 0] Mismatch between tokenized prompt and the start of tokenized prompt+rejected. This may be due to unexpected tokenizer behavior, whitespace issues, or special token handling. Verify that the tokenizer is processing text consistently.
[RANK 0] Mismatch between tokenized prompt and the start of tokenized prompt+chosen. This may be due to unexpected tokenizer behavior, whitespace issues, or special token handling. Verify that the tokenizer is processing text consistently.
[RANK 0] Mismatch between tokenized prompt and the start of tokenized prompt+rejected. This may be due to unexpected tokenizer behavior, whitespace issues, or special token handling. Verify that the tokenizer is processing text consistently.
[RANK 0] Mismatch between tokenized prompt and the start of tokenized prompt+chosen. This may be due to unexpected tokenizer behavior, whitespace issues, or special token handling. Verify that the tokenizer is processing text consistently.
[RANK 0] Mismatch between tokenized prompt and the start of tokenized prompt+rejected. This may be due to unexpected tokenizer behavior, whitespace issues, or special token handling. Verify that the tokenizer is processing text consistently.
[RANK 0] Mismatch between tokenized prompt and the start of tokenized prompt+chosen. This may be due to unexpected tokenizer behavior, whitespace issues, or special token handling. Verify that the tokenizer is processing text consistently.
[RANK 0] Mismatch between tokenized prompt and the start of tokenized prompt+chosen. This may be due to unexpected tokenizer behavior, whitespace issues, or special token handling. Verify that the tokenizer is processing text consistently.
[RANK 0] Mismatch between tokenized prompt and the start of tokenized prompt+rejected. This may be due to unexpected tokenizer behavior, whitespace issues, or special token handling. Verify that the tokenizer is processing text consistently.
[RANK 0] Mismatch between tokenized prompt and the start of tokenized prompt+chosen. This may be due to unexpected tokenizer behavior, whitespace issues, or special token handling. Verify that the tokenizer is processing text consistently.
[RANK 0] Mismatch between tokenized prompt and the start of tokenized prompt+rejected. This may be due to unexpected tokenizer behavior, whitespace issues, or special token handling. Verify that the tokenizer is processing text consistently.
[RANK 0] Mismatch between tokenized prompt and the start of tokenized prompt+chosen. This may be due to unexpected tokenizer behavior, whitespace issues, or special token handling. Verify that the tokenizer is processing text consistently.
[RANK 0] Mismatch between tokenized prompt and the start of tokenized prompt+rejected. This may be due to unexpected tokenizer behavior, whitespace issues, or special token handling. Verify that the tokenizer is processing text consistently.
[RANK 0] Mismatch between tokenized prompt and the start of tokenized prompt+rejected. This may be due to unexpected tokenizer behavior, whitespace issues, or special token handling. Verify that the tokenizer is processing text consistently.
[RANK 0] Mismatch between tokenized prompt and the start of tokenized prompt+chosen. This may be due to unexpected tokenizer behavior, whitespace issues, or special token handling. Verify that the tokenizer is processing text consistently.
[RANK 0] Mismatch between tokenized prompt and the start of tokenized prompt+rejected. This may be due to unexpected tokenizer behavior, whitespace issues, or special token handling. Verify that the tokenizer is processing text consistently.
[RANK 0] Mismatch between tokenized prompt and the start of tokenized prompt+chosen. This may be due to unexpected tokenizer behavior, whitespace issues, or special token handling. Verify that the tokenizer is processing text consistently.
[RANK 0] Mismatch between tokenized prompt and the start of tokenized prompt+chosen. This may be due to unexpected tokenizer behavior, whitespace issues, or special token handling. Verify that the tokenizer is processing text consistently.
[RANK 0] Mismatch between tokenized prompt and the start of tokenized prompt+rejected. This may be due to unexpected tokenizer behavior, whitespace issues, or special token handling. Verify that the tokenizer is processing text consistently.
[RANK 0] Mismatch between tokenized prompt and the start of tokenized prompt+chosen. This may be due to unexpected tokenizer behavior, whitespace issues, or special token handling. Verify that the tokenizer is processing text consistently.
[RANK 0] Mismatch between tokenized prompt and the start of tokenized prompt+rejected. This may be due to unexpected tokenizer behavior, whitespace issues, or special token handling. Verify that the tokenizer is processing text consistently.
[RANK 0] Mismatch between tokenized prompt and the start of tokenized prompt+chosen. This may be due to unexpected tokenizer behavior, whitespace issues, or special token handling. Verify that the tokenizer is processing text consistently.
[RANK 0] Mismatch between tokenized prompt and the start of tokenized prompt+chosen. This may be due to unexpected tokenizer behavior, whitespace issues, or special token handling. Verify that the tokenizer is processing text consistently.
[RANK 0] Mismatch between tokenized prompt and the start of tokenized prompt+rejected. This may be due to unexpected tokenizer behavior, whitespace issues, or special token handling. Verify that the tokenizer is processing text consistently.
[RANK 0] Mismatch between tokenized prompt and the start of tokenized prompt+chosen. This may be due to unexpected tokenizer behavior, whitespace issues, or special token handling. Verify that the tokenizer is processing text consistently.
[RANK 0] Mismatch between tokenized prompt and the start of tokenized prompt+rejected. This may be due to unexpected tokenizer behavior, whitespace issues, or special token handling. Verify that the tokenizer is processing text consistently.
[RANK 0] Mismatch between tokenized prompt and the start of tokenized prompt+chosen. This may be due to unexpected tokenizer behavior, whitespace issues, or special token handling. Verify that the tokenizer is processing text consistently.
[RANK 0] Mismatch between tokenized prompt and the start of tokenized prompt+rejected. This may be due to unexpected tokenizer behavior, whitespace issues, or special token handling. Verify that the tokenizer is processing text consistently.
[RANK 0] Mismatch between tokenized prompt and the start of tokenized prompt+rejected. This may be due to unexpected tokenizer behavior, whitespace issues, or special token handling. Verify that the tokenizer is processing text consistently.
[RANK 0] Mismatch between tokenized prompt and the start of tokenized prompt+rejected. This may be due to unexpected tokenizer behavior, whitespace issues, or special token handling. Verify that the tokenizer is processing text consistently.
[RANK 0] Mismatch between tokenized prompt and the start of tokenized prompt+chosen. This may be due to unexpected tokenizer behavior, whitespace issues, or special token handling. Verify that the tokenizer is processing text consistently.
[RANK 0] Mismatch between tokenized prompt and the start of tokenized prompt+rejected. This may be due to unexpected tokenizer behavior, whitespace issues, or special token handling. Verify that the tokenizer is processing text consistently.
[RANK 0] Mismatch between tokenized prompt and the start of tokenized prompt+chosen. This may be due to unexpected tokenizer behavior, whitespace issues, or special token handling. Verify that the tokenizer is processing text consistently.
[RANK 0] Mismatch between tokenized prompt and the start of tokenized prompt+rejected. This may be due to unexpected tokenizer behavior, whitespace issues, or special token handling. Verify that the tokenizer is processing text consistently.
[RANK 0] Mismatch between tokenized prompt and the start of tokenized prompt+chosen. This may be due to unexpected tokenizer behavior, whitespace issues, or special token handling. Verify that the tokenizer is processing text consistently.
[RANK 0] Mismatch between tokenized prompt and the start of tokenized prompt+rejected. This may be due to unexpected tokenizer behavior, whitespace issues, or special token handling. Verify that the tokenizer is processing text consistently.
[RANK 0] Mismatch between tokenized prompt and the start of tokenized prompt+chosen. This may be due to unexpected tokenizer behavior, whitespace issues, or special token handling. Verify that the tokenizer is processing text consistently.
[RANK 0] Mismatch between tokenized prompt and the start of tokenized prompt+rejected. This may be due to unexpected tokenizer behavior, whitespace issues, or special token handling. Verify that the tokenizer is processing text consistently.
[RANK 0] Mismatch between tokenized prompt and the start of tokenized prompt+chosen. This may be due to unexpected tokenizer behavior, whitespace issues, or special token handling. Verify that the tokenizer is processing text consistently.
[RANK 0] Mismatch between tokenized prompt and the start of tokenized prompt+rejected. This may be due to unexpected tokenizer behavior, whitespace issues, or special token handling. Verify that the tokenizer is processing text consistently.
[RANK 0] Mismatch between tokenized prompt and the start of tokenized prompt+chosen. This may be due to unexpected tokenizer behavior, whitespace issues, or special token handling. Verify that the tokenizer is processing text consistently.
[RANK 0] Mismatch between tokenized prompt and the start of tokenized prompt+rejected. This may be due to unexpected tokenizer behavior, whitespace issues, or special token handling. Verify that the tokenizer is processing text consistently.
[RANK 0] Mismatch between tokenized prompt and the start of tokenized prompt+chosen. This may be due to unexpected tokenizer behavior, whitespace issues, or special token handling. Verify that the tokenizer is processing text consistently.
[RANK 0] Mismatch between tokenized prompt and the start of tokenized prompt+rejected. This may be due to unexpected tokenizer behavior, whitespace issues, or special token handling. Verify that the tokenizer is processing text consistently.
[RANK 0] Mismatch between tokenized prompt and the start of tokenized prompt+chosen. This may be due to unexpected tokenizer behavior, whitespace issues, or special token handling. Verify that the tokenizer is processing text consistently.
[RANK 0] Mismatch between tokenized prompt and the start of tokenized prompt+rejected. This may be due to unexpected tokenizer behavior, whitespace issues, or special token handling. Verify that the tokenizer is processing text consistently.
[RANK 0] Mismatch between tokenized prompt and the start of tokenized prompt+chosen. This may be due to unexpected tokenizer behavior, whitespace issues, or special token handling. Verify that the tokenizer is processing text consistently.
[RANK 0] Mismatch between tokenized prompt and the start of tokenized prompt+rejected. This may be due to unexpected tokenizer behavior, whitespace issues, or special token handling. Verify that the tokenizer is processing text consistently.
[RANK 0] Mismatch between tokenized prompt and the start of tokenized prompt+chosen. This may be due to unexpected tokenizer behavior, whitespace issues, or special token handling. Verify that the tokenizer is processing text consistently.
[RANK 0] Mismatch between tokenized prompt and the start of tokenized prompt+rejected. This may be due to unexpected tokenizer behavior, whitespace issues, or special token handling. Verify that the tokenizer is processing text consistently.
[RANK 0] Mismatch between tokenized prompt and the start of tokenized prompt+chosen. This may be due to unexpected tokenizer behavior, whitespace issues, or special token handling. Verify that the tokenizer is processing text consistently.
[RANK 0] Mismatch between tokenized prompt and the start of tokenized prompt+rejected. This may be due to unexpected tokenizer behavior, whitespace issues, or special token handling. Verify that the tokenizer is processing text consistently.
[RANK 0] Mismatch between tokenized prompt and the start of tokenized prompt+chosen. This may be due to unexpected tokenizer behavior, whitespace issues, or special token handling. Verify that the tokenizer is processing text consistently.
[RANK 0] Mismatch between tokenized prompt and the start of tokenized prompt+rejected. This may be due to unexpected tokenizer behavior, whitespace issues, or special token handling. Verify that the tokenizer is processing text consistently.
[RANK 0] Mismatch between tokenized prompt and the start of tokenized prompt+chosen. This may be due to unexpected tokenizer behavior, whitespace issues, or special token handling. Verify that the tokenizer is processing text consistently.
[RANK 0] Mismatch between tokenized prompt and the start of tokenized prompt+rejected. This may be due to unexpected tokenizer behavior, whitespace issues, or special token handling. Verify that the tokenizer is processing text consistently.
[RANK 0] Mismatch between tokenized prompt and the start of tokenized prompt+chosen. This may be due to unexpected tokenizer behavior, whitespace issues, or special token handling. Verify that the tokenizer is processing text consistently.
[RANK 0] Mismatch between tokenized prompt and the start of tokenized prompt+rejected. This may be due to unexpected tokenizer behavior, whitespace issues, or special token handling. Verify that the tokenizer is processing text consistently.
[RANK 0] Mismatch between tokenized prompt and the start of tokenized prompt+rejected. This may be due to unexpected tokenizer behavior, whitespace issues, or special token handling. Verify that the tokenizer is processing text consistently.
[RANK 0] Mismatch between tokenized prompt and the start of tokenized prompt+chosen. This may be due to unexpected tokenizer behavior, whitespace issues, or special token handling. Verify that the tokenizer is processing text consistently.
[RANK 0] Mismatch between tokenized prompt and the start of tokenized prompt+rejected. This may be due to unexpected tokenizer behavior, whitespace issues, or special token handling. Verify that the tokenizer is processing text consistently.
[RANK 0] Mismatch between tokenized prompt and the start of tokenized prompt+chosen. This may be due to unexpected tokenizer behavior, whitespace issues, or special token handling. Verify that the tokenizer is processing text consistently.
[RANK 0] Mismatch between tokenized prompt and the start of tokenized prompt+rejected. This may be due to unexpected tokenizer behavior, whitespace issues, or special token handling. Verify that the tokenizer is processing text consistently.
[RANK 0] Mismatch between tokenized prompt and the start of tokenized prompt+chosen. This may be due to unexpected tokenizer behavior, whitespace issues, or special token handling. Verify that the tokenizer is processing text consistently.
[RANK 0] Mismatch between tokenized prompt and the start of tokenized prompt+rejected. This may be due to unexpected tokenizer behavior, whitespace issues, or special token handling. Verify that the tokenizer is processing text consistently.
[RANK 0] Mismatch between tokenized prompt and the start of tokenized prompt+chosen. This may be due to unexpected tokenizer behavior, whitespace issues, or special token handling. Verify that the tokenizer is processing text consistently.
[RANK 0] Mismatch between tokenized prompt and the start of tokenized prompt+rejected. This may be due to unexpected tokenizer behavior, whitespace issues, or special token handling. Verify that the tokenizer is processing text consistently.
[RANK 0] Mismatch between tokenized prompt and the start of tokenized prompt+chosen. This may be due to unexpected tokenizer behavior, whitespace issues, or special token handling. Verify that the tokenizer is processing text consistently.
[RANK 0] Mismatch between tokenized prompt and the start of tokenized prompt+rejected. This may be due to unexpected tokenizer behavior, whitespace issues, or special token handling. Verify that the tokenizer is processing text consistently.
[RANK 0] Mismatch between tokenized prompt and the start of tokenized prompt+chosen. This may be due to unexpected tokenizer behavior, whitespace issues, or special token handling. Verify that the tokenizer is processing text consistently.
[RANK 0] Mismatch between tokenized prompt and the start of tokenized prompt+rejected. This may be due to unexpected tokenizer behavior, whitespace issues, or special token handling. Verify that the tokenizer is processing text consistently.
[RANK 0] Mismatch between tokenized prompt and the start of tokenized prompt+chosen. This may be due to unexpected tokenizer behavior, whitespace issues, or special token handling. Verify that the tokenizer is processing text consistently.
[RANK 0] Mismatch between tokenized prompt and the start of tokenized prompt+rejected. This may be due to unexpected tokenizer behavior, whitespace issues, or special token handling. Verify that the tokenizer is processing text consistently.
[RANK 0] Mismatch between tokenized prompt and the start of tokenized prompt+chosen. This may be due to unexpected tokenizer behavior, whitespace issues, or special token handling. Verify that the tokenizer is processing text consistently.
[RANK 0] Mismatch between tokenized prompt and the start of tokenized prompt+rejected. This may be due to unexpected tokenizer behavior, whitespace issues, or special token handling. Verify that the tokenizer is processing text consistently.
[RANK 0] Mismatch between tokenized prompt and the start of tokenized prompt+chosen. This may be due to unexpected tokenizer behavior, whitespace issues, or special token handling. Verify that the tokenizer is processing text consistently.
[RANK 0] Mismatch between tokenized prompt and the start of tokenized prompt+rejected. This may be due to unexpected tokenizer behavior, whitespace issues, or special token handling. Verify that the tokenizer is processing text consistently.
[RANK 0] Mismatch between tokenized prompt and the start of tokenized prompt+chosen. This may be due to unexpected tokenizer behavior, whitespace issues, or special token handling. Verify that the tokenizer is processing text consistently.
[RANK 0] Mismatch between tokenized prompt and the start of tokenized prompt+rejected. This may be due to unexpected tokenizer behavior, whitespace issues, or special token handling. Verify that the tokenizer is processing text consistently.
[RANK 0] Mismatch between tokenized prompt and the start of tokenized prompt+chosen. This may be due to unexpected tokenizer behavior, whitespace issues, or special token handling. Verify that the tokenizer is processing text consistently.
[RANK 0] Mismatch between tokenized prompt and the start of tokenized prompt+rejected. This may be due to unexpected tokenizer behavior, whitespace issues, or special token handling. Verify that the tokenizer is processing text consistently.
[RANK 0] Mismatch between tokenized prompt and the start of tokenized prompt+chosen. This may be due to unexpected tokenizer behavior, whitespace issues, or special token handling. Verify that the tokenizer is processing text consistently.
[RANK 0] Mismatch between tokenized prompt and the start of tokenized prompt+rejected. This may be due to unexpected tokenizer behavior, whitespace issues, or special token handling. Verify that the tokenizer is processing text consistently.
[RANK 0] Mismatch between tokenized prompt and the start of tokenized prompt+chosen. This may be due to unexpected tokenizer behavior, whitespace issues, or special token handling. Verify that the tokenizer is processing text consistently.
[RANK 0] Mismatch between tokenized prompt and the start of tokenized prompt+rejected. This may be due to unexpected tokenizer behavior, whitespace issues, or special token handling. Verify that the tokenizer is processing text consistently.
[RANK 0] Mismatch between tokenized prompt and the start of tokenized prompt+chosen. This may be due to unexpected tokenizer behavior, whitespace issues, or special token handling. Verify that the tokenizer is processing text consistently.
[RANK 0] Mismatch between tokenized prompt and the start of tokenized prompt+rejected. This may be due to unexpected tokenizer behavior, whitespace issues, or special token handling. Verify that the tokenizer is processing text consistently.
[RANK 0] Mismatch between tokenized prompt and the start of tokenized prompt+chosen. This may be due to unexpected tokenizer behavior, whitespace issues, or special token handling. Verify that the tokenizer is processing text consistently.
[RANK 0] Mismatch between tokenized prompt and the start of tokenized prompt+rejected. This may be due to unexpected tokenizer behavior, whitespace issues, or special token handling. Verify that the tokenizer is processing text consistently.
[RANK 0] Mismatch between tokenized prompt and the start of tokenized prompt+chosen. This may be due to unexpected tokenizer behavior, whitespace issues, or special token handling. Verify that the tokenizer is processing text consistently.
[RANK 0] Mismatch between tokenized prompt and the start of tokenized prompt+rejected. This may be due to unexpected tokenizer behavior, whitespace issues, or special token handling. Verify that the tokenizer is processing text consistently.
[RANK 0] Mismatch between tokenized prompt and the start of tokenized prompt+chosen. This may be due to unexpected tokenizer behavior, whitespace issues, or special token handling. Verify that the tokenizer is processing text consistently.
[RANK 0] Mismatch between tokenized prompt and the start of tokenized prompt+rejected. This may be due to unexpected tokenizer behavior, whitespace issues, or special token handling. Verify that the tokenizer is processing text consistently.
[RANK 0] Mismatch between tokenized prompt and the start of tokenized prompt+chosen. This may be due to unexpected tokenizer behavior, whitespace issues, or special token handling. Verify that the tokenizer is processing text consistently.
[RANK 0] Mismatch between tokenized prompt and the start of tokenized prompt+rejected. This may be due to unexpected tokenizer behavior, whitespace issues, or special token handling. Verify that the tokenizer is processing text consistently.
[RANK 0] Mismatch between tokenized prompt and the start of tokenized prompt+chosen. This may be due to unexpected tokenizer behavior, whitespace issues, or special token handling. Verify that the tokenizer is processing text consistently.
[RANK 0] Mismatch between tokenized prompt and the start of tokenized prompt+rejected. This may be due to unexpected tokenizer behavior, whitespace issues, or special token handling. Verify that the tokenizer is processing text consistently.
[RANK 0] Mismatch between tokenized prompt and the start of tokenized prompt+chosen. This may be due to unexpected tokenizer behavior, whitespace issues, or special token handling. Verify that the tokenizer is processing text consistently.
[RANK 0] Mismatch between tokenized prompt and the start of tokenized prompt+chosen. This may be due to unexpected tokenizer behavior, whitespace issues, or special token handling. Verify that the tokenizer is processing text consistently.
[RANK 0] Mismatch between tokenized prompt and the start of tokenized prompt+rejected. This may be due to unexpected tokenizer behavior, whitespace issues, or special token handling. Verify that the tokenizer is processing text consistently.
[RANK 0] Mismatch between tokenized prompt and the start of tokenized prompt+chosen. This may be due to unexpected tokenizer behavior, whitespace issues, or special token handling. Verify that the tokenizer is processing text consistently.
[RANK 0] Mismatch between tokenized prompt and the start of tokenized prompt+rejected. This may be due to unexpected tokenizer behavior, whitespace issues, or special token handling. Verify that the tokenizer is processing text consistently.
[RANK 0] Mismatch between tokenized prompt and the start of tokenized prompt+chosen. This may be due to unexpected tokenizer behavior, whitespace issues, or special token handling. Verify that the tokenizer is processing text consistently.
[RANK 0] Mismatch between tokenized prompt and the start of tokenized prompt+rejected. This may be due to unexpected tokenizer behavior, whitespace issues, or special token handling. Verify that the tokenizer is processing text consistently.
[RANK 0] Mismatch between tokenized prompt and the start of tokenized prompt+chosen. This may be due to unexpected tokenizer behavior, whitespace issues, or special token handling. Verify that the tokenizer is processing text consistently.
[RANK 0] Mismatch between tokenized prompt and the start of tokenized prompt+rejected. This may be due to unexpected tokenizer behavior, whitespace issues, or special token handling. Verify that the tokenizer is processing text consistently.
[RANK 0] Mismatch between tokenized prompt and the start of tokenized prompt+chosen. This may be due to unexpected tokenizer behavior, whitespace issues, or special token handling. Verify that the tokenizer is processing text consistently.
[RANK 0] Mismatch between tokenized prompt and the start of tokenized prompt+rejected. This may be due to unexpected tokenizer behavior, whitespace issues, or special token handling. Verify that the tokenizer is processing text consistently.
[RANK 0] Mismatch between tokenized prompt and the start of tokenized prompt+chosen. This may be due to unexpected tokenizer behavior, whitespace issues, or special token handling. Verify that the tokenizer is processing text consistently.
[RANK 0] Mismatch between tokenized prompt and the start of tokenized prompt+rejected. This may be due to unexpected tokenizer behavior, whitespace issues, or special token handling. Verify that the tokenizer is processing text consistently.
[RANK 0] Mismatch between tokenized prompt and the start of tokenized prompt+chosen. This may be due to unexpected tokenizer behavior, whitespace issues, or special token handling. Verify that the tokenizer is processing text consistently.
[RANK 0] Mismatch between tokenized prompt and the start of tokenized prompt+rejected. This may be due to unexpected tokenizer behavior, whitespace issues, or special token handling. Verify that the tokenizer is processing text consistently.
[RANK 0] Mismatch between tokenized prompt and the start of tokenized prompt+chosen. This may be due to unexpected tokenizer behavior, whitespace issues, or special token handling. Verify that the tokenizer is processing text consistently.
[RANK 0] Mismatch between tokenized prompt and the start of tokenized prompt+rejected. This may be due to unexpected tokenizer behavior, whitespace issues, or special token handling. Verify that the tokenizer is processing text consistently.
[RANK 0] Mismatch between tokenized prompt and the start of tokenized prompt+chosen. This may be due to unexpected tokenizer behavior, whitespace issues, or special token handling. Verify that the tokenizer is processing text consistently.
[RANK 0] Mismatch between tokenized prompt and the start of tokenized prompt+rejected. This may be due to unexpected tokenizer behavior, whitespace issues, or special token handling. Verify that the tokenizer is processing text consistently.
[RANK 0] Mismatch between tokenized prompt and the start of tokenized prompt+chosen. This may be due to unexpected tokenizer behavior, whitespace issues, or special token handling. Verify that the tokenizer is processing text consistently.
[RANK 0] Mismatch between tokenized prompt and the start of tokenized prompt+rejected. This may be due to unexpected tokenizer behavior, whitespace issues, or special token handling. Verify that the tokenizer is processing text consistently.
[RANK 0] Mismatch between tokenized prompt and the start of tokenized prompt+chosen. This may be due to unexpected tokenizer behavior, whitespace issues, or special token handling. Verify that the tokenizer is processing text consistently.
[RANK 0] Mismatch between tokenized prompt and the start of tokenized prompt+rejected. This may be due to unexpected tokenizer behavior, whitespace issues, or special token handling. Verify that the tokenizer is processing text consistently.
[RANK 0] Mismatch between tokenized prompt and the start of tokenized prompt+chosen. This may be due to unexpected tokenizer behavior, whitespace issues, or special token handling. Verify that the tokenizer is processing text consistently.
[RANK 0] Mismatch between tokenized prompt and the start of tokenized prompt+rejected. This may be due to unexpected tokenizer behavior, whitespace issues, or special token handling. Verify that the tokenizer is processing text consistently.
[RANK 0] Mismatch between tokenized prompt and the start of tokenized prompt+chosen. This may be due to unexpected tokenizer behavior, whitespace issues, or special token handling. Verify that the tokenizer is processing text consistently.
[RANK 0] Mismatch between tokenized prompt and the start of tokenized prompt+rejected. This may be due to unexpected tokenizer behavior, whitespace issues, or special token handling. Verify that the tokenizer is processing text consistently.
[RANK 0] Mismatch between tokenized prompt and the start of tokenized prompt+chosen. This may be due to unexpected tokenizer behavior, whitespace issues, or special token handling. Verify that the tokenizer is processing text consistently.
[RANK 0] Mismatch between tokenized prompt and the start of tokenized prompt+rejected. This may be due to unexpected tokenizer behavior, whitespace issues, or special token handling. Verify that the tokenizer is processing text consistently.
[RANK 0] Mismatch between tokenized prompt and the start of tokenized prompt+chosen. This may be due to unexpected tokenizer behavior, whitespace issues, or special token handling. Verify that the tokenizer is processing text consistently.
[RANK 0] Mismatch between tokenized prompt and the start of tokenized prompt+rejected. This may be due to unexpected tokenizer behavior, whitespace issues, or special token handling. Verify that the tokenizer is processing text consistently.
[RANK 0] Mismatch between tokenized prompt and the start of tokenized prompt+chosen. This may be due to unexpected tokenizer behavior, whitespace issues, or special token handling. Verify that the tokenizer is processing text consistently.
[RANK 0] Mismatch between tokenized prompt and the start of tokenized prompt+rejected. This may be due to unexpected tokenizer behavior, whitespace issues, or special token handling. Verify that the tokenizer is processing text consistently.
[RANK 0] Mismatch between tokenized prompt and the start of tokenized prompt+chosen. This may be due to unexpected tokenizer behavior, whitespace issues, or special token handling. Verify that the tokenizer is processing text consistently.
[RANK 0] Mismatch between tokenized prompt and the start of tokenized prompt+rejected. This may be due to unexpected tokenizer behavior, whitespace issues, or special token handling. Verify that the tokenizer is processing text consistently.
[RANK 0] Mismatch between tokenized prompt and the start of tokenized prompt+chosen. This may be due to unexpected tokenizer behavior, whitespace issues, or special token handling. Verify that the tokenizer is processing text consistently.
[RANK 0] Mismatch between tokenized prompt and the start of tokenized prompt+rejected. This may be due to unexpected tokenizer behavior, whitespace issues, or special token handling. Verify that the tokenizer is processing text consistently.
[RANK 0] Mismatch between tokenized prompt and the start of tokenized prompt+chosen. This may be due to unexpected tokenizer behavior, whitespace issues, or special token handling. Verify that the tokenizer is processing text consistently.
[RANK 0] Mismatch between tokenized prompt and the start of tokenized prompt+rejected. This may be due to unexpected tokenizer behavior, whitespace issues, or special token handling. Verify that the tokenizer is processing text consistently.
[RANK 0] Mismatch between tokenized prompt and the start of tokenized prompt+chosen. This may be due to unexpected tokenizer behavior, whitespace issues, or special token handling. Verify that the tokenizer is processing text consistently.
[RANK 0] Mismatch between tokenized prompt and the start of tokenized prompt+rejected. This may be due to unexpected tokenizer behavior, whitespace issues, or special token handling. Verify that the tokenizer is processing text consistently.
[RANK 0] Mismatch between tokenized prompt and the start of tokenized prompt+chosen. This may be due to unexpected tokenizer behavior, whitespace issues, or special token handling. Verify that the tokenizer is processing text consistently.
[RANK 0] Mismatch between tokenized prompt and the start of tokenized prompt+rejected. This may be due to unexpected tokenizer behavior, whitespace issues, or special token handling. Verify that the tokenizer is processing text consistently.
[RANK 0] Mismatch between tokenized prompt and the start of tokenized prompt+chosen. This may be due to unexpected tokenizer behavior, whitespace issues, or special token handling. Verify that the tokenizer is processing text consistently.
[RANK 0] Mismatch between tokenized prompt and the start of tokenized prompt+rejected. This may be due to unexpected tokenizer behavior, whitespace issues, or special token handling. Verify that the tokenizer is processing text consistently.
[RANK 0] Mismatch between tokenized prompt and the start of tokenized prompt+chosen. This may be due to unexpected tokenizer behavior, whitespace issues, or special token handling. Verify that the tokenizer is processing text consistently.
[RANK 0] Mismatch between tokenized prompt and the start of tokenized prompt+rejected. This may be due to unexpected tokenizer behavior, whitespace issues, or special token handling. Verify that the tokenizer is processing text consistently.
[RANK 0] Mismatch between tokenized prompt and the start of tokenized prompt+chosen. This may be due to unexpected tokenizer behavior, whitespace issues, or special token handling. Verify that the tokenizer is processing text consistently.
[RANK 0] Mismatch between tokenized prompt and the start of tokenized prompt+rejected. This may be due to unexpected tokenizer behavior, whitespace issues, or special token handling. Verify that the tokenizer is processing text consistently.
Tokenizing train dataset:  86%|████████▌ | 235/273 [00:00<00:00, 1165.11 examples/s][RANK 0] Mismatch between tokenized prompt and the start of tokenized prompt+chosen. This may be due to unexpected tokenizer behavior, whitespace issues, or special token handling. Verify that the tokenizer is processing text consistently.
[RANK 0] Mismatch between tokenized prompt and the start of tokenized prompt+rejected. This may be due to unexpected tokenizer behavior, whitespace issues, or special token handling. Verify that the tokenizer is processing text consistently.
[RANK 0] Mismatch between tokenized prompt and the start of tokenized prompt+chosen. This may be due to unexpected tokenizer behavior, whitespace issues, or special token handling. Verify that the tokenizer is processing text consistently.
[RANK 0] Mismatch between tokenized prompt and the start of tokenized prompt+chosen. This may be due to unexpected tokenizer behavior, whitespace issues, or special token handling. Verify that the tokenizer is processing text consistently.
[RANK 0] Mismatch between tokenized prompt and the start of tokenized prompt+rejected. This may be due to unexpected tokenizer behavior, whitespace issues, or special token handling. Verify that the tokenizer is processing text consistently.
[RANK 0] Mismatch between tokenized prompt and the start of tokenized prompt+chosen. This may be due to unexpected tokenizer behavior, whitespace issues, or special token handling. Verify that the tokenizer is processing text consistently.
[RANK 0] Mismatch between tokenized prompt and the start of tokenized prompt+rejected. This may be due to unexpected tokenizer behavior, whitespace issues, or special token handling. Verify that the tokenizer is processing text consistently.
[RANK 0] Mismatch between tokenized prompt and the start of tokenized prompt+chosen. This may be due to unexpected tokenizer behavior, whitespace issues, or special token handling. Verify that the tokenizer is processing text consistently.
[RANK 0] Mismatch between tokenized prompt and the start of tokenized prompt+rejected. This may be due to unexpected tokenizer behavior, whitespace issues, or special token handling. Verify that the tokenizer is processing text consistently.
[RANK 0] Mismatch between tokenized prompt and the start of tokenized prompt+chosen. This may be due to unexpected tokenizer behavior, whitespace issues, or special token handling. Verify that the tokenizer is processing text consistently.
[RANK 0] Mismatch between tokenized prompt and the start of tokenized prompt+rejected. This may be due to unexpected tokenizer behavior, whitespace issues, or special token handling. Verify that the tokenizer is processing text consistently.
[RANK 0] Mismatch between tokenized prompt and the start of tokenized prompt+chosen. This may be due to unexpected tokenizer behavior, whitespace issues, or special token handling. Verify that the tokenizer is processing text consistently.
[RANK 0] Mismatch between tokenized prompt and the start of tokenized prompt+rejected. This may be due to unexpected tokenizer behavior, whitespace issues, or special token handling. Verify that the tokenizer is processing text consistently.
[RANK 0] Mismatch between tokenized prompt and the start of tokenized prompt+chosen. This may be due to unexpected tokenizer behavior, whitespace issues, or special token handling. Verify that the tokenizer is processing text consistently.
[RANK 0] Mismatch between tokenized prompt and the start of tokenized prompt+rejected. This may be due to unexpected tokenizer behavior, whitespace issues, or special token handling. Verify that the tokenizer is processing text consistently.
[RANK 0] Mismatch between tokenized prompt and the start of tokenized prompt+chosen. This may be due to unexpected tokenizer behavior, whitespace issues, or special token handling. Verify that the tokenizer is processing text consistently.
[RANK 0] Mismatch between tokenized prompt and the start of tokenized prompt+rejected. This may be due to unexpected tokenizer behavior, whitespace issues, or special token handling. Verify that the tokenizer is processing text consistently.
[RANK 0] Mismatch between tokenized prompt and the start of tokenized prompt+chosen. This may be due to unexpected tokenizer behavior, whitespace issues, or special token handling. Verify that the tokenizer is processing text consistently.
[RANK 0] Mismatch between tokenized prompt and the start of tokenized prompt+rejected. This may be due to unexpected tokenizer behavior, whitespace issues, or special token handling. Verify that the tokenizer is processing text consistently.
[RANK 0] Mismatch between tokenized prompt and the start of tokenized prompt+chosen. This may be due to unexpected tokenizer behavior, whitespace issues, or special token handling. Verify that the tokenizer is processing text consistently.
[RANK 0] Mismatch between tokenized prompt and the start of tokenized prompt+rejected. This may be due to unexpected tokenizer behavior, whitespace issues, or special token handling. Verify that the tokenizer is processing text consistently.
[RANK 0] Mismatch between tokenized prompt and the start of tokenized prompt+chosen. This may be due to unexpected tokenizer behavior, whitespace issues, or special token handling. Verify that the tokenizer is processing text consistently.
[RANK 0] Mismatch between tokenized prompt and the start of tokenized prompt+rejected. This may be due to unexpected tokenizer behavior, whitespace issues, or special token handling. Verify that the tokenizer is processing text consistently.
[RANK 0] Mismatch between tokenized prompt and the start of tokenized prompt+chosen. This may be due to unexpected tokenizer behavior, whitespace issues, or special token handling. Verify that the tokenizer is processing text consistently.
[RANK 0] Mismatch between tokenized prompt and the start of tokenized prompt+rejected. This may be due to unexpected tokenizer behavior, whitespace issues, or special token handling. Verify that the tokenizer is processing text consistently.
[RANK 0] Mismatch between tokenized prompt and the start of tokenized prompt+chosen. This may be due to unexpected tokenizer behavior, whitespace issues, or special token handling. Verify that the tokenizer is processing text consistently.
[RANK 0] Mismatch between tokenized prompt and the start of tokenized prompt+rejected. This may be due to unexpected tokenizer behavior, whitespace issues, or special token handling. Verify that the tokenizer is processing text consistently.
[RANK 0] Mismatch between tokenized prompt and the start of tokenized prompt+chosen. This may be due to unexpected tokenizer behavior, whitespace issues, or special token handling. Verify that the tokenizer is processing text consistently.
[RANK 0] Mismatch between tokenized prompt and the start of tokenized prompt+rejected. This may be due to unexpected tokenizer behavior, whitespace issues, or special token handling. Verify that the tokenizer is processing text consistently.
[RANK 0] Mismatch between tokenized prompt and the start of tokenized prompt+chosen. This may be due to unexpected tokenizer behavior, whitespace issues, or special token handling. Verify that the tokenizer is processing text consistently.
[RANK 0] Mismatch between tokenized prompt and the start of tokenized prompt+rejected. This may be due to unexpected tokenizer behavior, whitespace issues, or special token handling. Verify that the tokenizer is processing text consistently.
[RANK 0] Mismatch between tokenized prompt and the start of tokenized prompt+chosen. This may be due to unexpected tokenizer behavior, whitespace issues, or special token handling. Verify that the tokenizer is processing text consistently.
[RANK 0] Mismatch between tokenized prompt and the start of tokenized prompt+rejected. This may be due to unexpected tokenizer behavior, whitespace issues, or special token handling. Verify that the tokenizer is processing text consistently.
[RANK 0] Mismatch between tokenized prompt and the start of tokenized prompt+chosen. This may be due to unexpected tokenizer behavior, whitespace issues, or special token handling. Verify that the tokenizer is processing text consistently.
[RANK 0] Mismatch between tokenized prompt and the start of tokenized prompt+rejected. This may be due to unexpected tokenizer behavior, whitespace issues, or special token handling. Verify that the tokenizer is processing text consistently.
[RANK 0] Mismatch between tokenized prompt and the start of tokenized prompt+chosen. This may be due to unexpected tokenizer behavior, whitespace issues, or special token handling. Verify that the tokenizer is processing text consistently.
[RANK 0] Mismatch between tokenized prompt and the start of tokenized prompt+rejected. This may be due to unexpected tokenizer behavior, whitespace issues, or special token handling. Verify that the tokenizer is processing text consistently.
[RANK 0] Mismatch between tokenized prompt and the start of tokenized prompt+chosen. This may be due to unexpected tokenizer behavior, whitespace issues, or special token handling. Verify that the tokenizer is processing text consistently.
[RANK 0] Mismatch between tokenized prompt and the start of tokenized prompt+rejected. This may be due to unexpected tokenizer behavior, whitespace issues, or special token handling. Verify that the tokenizer is processing text consistently.
[RANK 0] Mismatch between tokenized prompt and the start of tokenized prompt+chosen. This may be due to unexpected tokenizer behavior, whitespace issues, or special token handling. Verify that the tokenizer is processing text consistently.
[RANK 0] Mismatch between tokenized prompt and the start of tokenized prompt+rejected. This may be due to unexpected tokenizer behavior, whitespace issues, or special token handling. Verify that the tokenizer is processing text consistently.
[RANK 0] Mismatch between tokenized prompt and the start of tokenized prompt+chosen. This may be due to unexpected tokenizer behavior, whitespace issues, or special token handling. Verify that the tokenizer is processing text consistently.
[RANK 0] Mismatch between tokenized prompt and the start of tokenized prompt+rejected. This may be due to unexpected tokenizer behavior, whitespace issues, or special token handling. Verify that the tokenizer is processing text consistently.
[RANK 0] Mismatch between tokenized prompt and the start of tokenized prompt+chosen. This may be due to unexpected tokenizer behavior, whitespace issues, or special token handling. Verify that the tokenizer is processing text consistently.
[RANK 0] Mismatch between tokenized prompt and the start of tokenized prompt+rejected. This may be due to unexpected tokenizer behavior, whitespace issues, or special token handling. Verify that the tokenizer is processing text consistently.
[RANK 0] Mismatch between tokenized prompt and the start of tokenized prompt+chosen. This may be due to unexpected tokenizer behavior, whitespace issues, or special token handling. Verify that the tokenizer is processing text consistently.
[RANK 0] Mismatch between tokenized prompt and the start of tokenized prompt+rejected. This may be due to unexpected tokenizer behavior, whitespace issues, or special token handling. Verify that the tokenizer is processing text consistently.
[RANK 0] Mismatch between tokenized prompt and the start of tokenized prompt+chosen. This may be due to unexpected tokenizer behavior, whitespace issues, or special token handling. Verify that the tokenizer is processing text consistently.
[RANK 0] Mismatch between tokenized prompt and the start of tokenized prompt+rejected. This may be due to unexpected tokenizer behavior, whitespace issues, or special token handling. Verify that the tokenizer is processing text consistently.
[RANK 0] Mismatch between tokenized prompt and the start of tokenized prompt+chosen. This may be due to unexpected tokenizer behavior, whitespace issues, or special token handling. Verify that the tokenizer is processing text consistently.
[RANK 0] Mismatch between tokenized prompt and the start of tokenized prompt+rejected. This may be due to unexpected tokenizer behavior, whitespace issues, or special token handling. Verify that the tokenizer is processing text consistently.
[RANK 0] Mismatch between tokenized prompt and the start of tokenized prompt+chosen. This may be due to unexpected tokenizer behavior, whitespace issues, or special token handling. Verify that the tokenizer is processing text consistently.
[RANK 0] Mismatch between tokenized prompt and the start of tokenized prompt+rejected. This may be due to unexpected tokenizer behavior, whitespace issues, or special token handling. Verify that the tokenizer is processing text consistently.
[RANK 0] Mismatch between tokenized prompt and the start of tokenized prompt+chosen. This may be due to unexpected tokenizer behavior, whitespace issues, or special token handling. Verify that the tokenizer is processing text consistently.
[RANK 0] Mismatch between tokenized prompt and the start of tokenized prompt+rejected. This may be due to unexpected tokenizer behavior, whitespace issues, or special token handling. Verify that the tokenizer is processing text consistently.
[RANK 0] Mismatch between tokenized prompt and the start of tokenized prompt+chosen. This may be due to unexpected tokenizer behavior, whitespace issues, or special token handling. Verify that the tokenizer is processing text consistently.
[RANK 0] Mismatch between tokenized prompt and the start of tokenized prompt+rejected. This may be due to unexpected tokenizer behavior, whitespace issues, or special token handling. Verify that the tokenizer is processing text consistently.
[RANK 0] Mismatch between tokenized prompt and the start of tokenized prompt+chosen. This may be due to unexpected tokenizer behavior, whitespace issues, or special token handling. Verify that the tokenizer is processing text consistently.
[RANK 0] Mismatch between tokenized prompt and the start of tokenized prompt+rejected. This may be due to unexpected tokenizer behavior, whitespace issues, or special token handling. Verify that the tokenizer is processing text consistently.
[RANK 0] Mismatch between tokenized prompt and the start of tokenized prompt+chosen. This may be due to unexpected tokenizer behavior, whitespace issues, or special token handling. Verify that the tokenizer is processing text consistently.
[RANK 0] Mismatch between tokenized prompt and the start of tokenized prompt+rejected. This may be due to unexpected tokenizer behavior, whitespace issues, or special token handling. Verify that the tokenizer is processing text consistently.
[RANK 0] Mismatch between tokenized prompt and the start of tokenized prompt+chosen. This may be due to unexpected tokenizer behavior, whitespace issues, or special token handling. Verify that the tokenizer is processing text consistently.
[RANK 0] Mismatch between tokenized prompt and the start of tokenized prompt+rejected. This may be due to unexpected tokenizer behavior, whitespace issues, or special token handling. Verify that the tokenizer is processing text consistently.
Tokenizing train dataset: 100%|██████████| 273/273 [00:00<00:00, 1121.62 examples/s]
Training...
[transformers] The tokenizer has new PAD/BOS/EOS tokens that differ from the model config and generation config. The model config and generation config were aligned accordingly, being updated with the tokenizer's values. Updated tokens: {'bos_token_id': None, 'pad_token_id': 151643}.
  0%|          | 0/18 [00:00<?, ?it/s]  6%|▌         | 1/18 [00:05<01:27,  5.16s/it] 11%|█         | 2/18 [00:09<01:18,  4.89s/it] 17%|█▋        | 3/18 [00:14<01:11,  4.78s/it] 22%|██▏       | 4/18 [00:18<01:05,  4.66s/it] 28%|██▊       | 5/18 [00:23<01:00,  4.66s/it] 33%|███▎      | 6/18 [00:28<00:55,  4.65s/it] 39%|███▉      | 7/18 [00:33<00:51,  4.72s/it] 44%|████▍     | 8/18 [00:37<00:46,  4.68s/it] 50%|█████     | 9/18 [00:42<00:41,  4.63s/it] 56%|█████▌    | 10/18 [00:46<00:37,  4.63s/it]                                               {'loss': '0.7927', 'grad_norm': '1.906', 'learning_rate': '2.731e-05', 'entropy': '2.997', 'num_tokens': '6.048e+04', 'logits/chosen': '2.15', 'logits/rejected': '2.066', 'mean_token_accuracy': '0.2941', 'rewards/chosen': '-1.08', 'rewards/rejected': '-0.9473', 'rewards/accuracies': '0.3812', 'rewards/margins': '-0.1324', 'logps/chosen': '-109.7', 'logps/rejected': '-91.96', 'epoch': '0.5861'}
 56%|█████▌    | 10/18 [00:46<00:37,  4.63s/it] 61%|██████    | 11/18 [00:51<00:32,  4.69s/it] 67%|██████▋   | 12/18 [00:56<00:27,  4.60s/it] 72%|███████▏  | 13/18 [01:00<00:22,  4.58s/it] 78%|███████▊  | 14/18 [01:05<00:18,  4.62s/it] 83%|████████▎ | 15/18 [01:09<00:13,  4.58s/it] 89%|████████▉ | 16/18 [01:14<00:09,  4.65s/it] 94%|█████████▍| 17/18 [01:19<00:04,  4.59s/it]100%|██████████| 18/18 [01:19<00:00,  3.31s/it]                                               {'train_runtime': '79.72', 'train_samples_per_second': '3.425', 'train_steps_per_second': '0.226', 'train_loss': '0.7596', 'entropy': '3.017', 'num_tokens': '1.004e+05', 'logits/chosen': '2.164', 'logits/rejected': '2.125', 'mean_token_accuracy': '0.3251', 'rewards/chosen': '-0.9798', 'rewards/rejected': '-0.9149', 'rewards/accuracies': '0.4248', 'rewards/margins': '-0.06492', 'logps/chosen': '-111.3', 'logps/rejected': '-97.01', 'epoch': '1'}
100%|██████████| 18/18 [01:19<00:00,  3.31s/it]100%|██████████| 18/18 [01:19<00:00,  4.43s/it]
  Adapter saved to outputs/adapters/divpo_v2_1p5b/minimalist

All done.
