
============================================================
  Training DivPO adapter: cross_domain_analogist
============================================================

  GPU 0: NVIDIA GeForce RTX 5060 Ti
  GPUs available: 1
Loading DivPO dataset from local file data/processed/divpo_v2_1p5b/cross_domain_analogist.jsonl...
  264 preference pairs
Loading SFT adapter from outputs/adapters/sft_1p5b/cross_domain_analogist ...
Loading weights:   0%|          | 0/338 [00:00<?, ?it/s]Loading weights:   8%|▊         | 28/338 [00:00<00:01, 268.63it/s]Loading weights:  33%|███▎      | 110/338 [00:00<00:00, 586.90it/s]Loading weights:  55%|█████▍    | 185/338 [00:00<00:00, 655.50it/s]Loading weights:  79%|███████▉  | 267/338 [00:00<00:00, 714.61it/s]Loading weights: 100%|██████████| 338/338 [00:00<00:00, 689.34it/s]
Loading weights:   0%|          | 0/338 [00:00<?, ?it/s]Loading weights:  22%|██▏       | 75/338 [00:00<00:00, 739.20it/s]Loading weights:  47%|████▋     | 159/338 [00:00<00:00, 767.57it/s]Loading weights:  72%|███████▏  | 243/338 [00:00<00:00, 771.94it/s]Loading weights:  97%|█████████▋| 327/338 [00:00<00:00, 777.66it/s]Loading weights: 100%|██████████| 338/338 [00:00<00:00, 791.54it/s]
/venv/main/lib/python3.14/site-packages/peft/mapping_func.py:72: UserWarning: You are trying to modify a model with PEFT for a second time. If you want to reload the model with a different config, make sure to call `.unload()` before.
  warnings.warn(
/venv/main/lib/python3.14/site-packages/peft/tuners/tuners_utils.py:302: UserWarning: Already found a `peft_config` attribute in the model. This will lead to having multiple adapters in the model. Make sure to know what you are doing!
  warnings.warn(
trainable params: 18,464,768 || all params: 1,562,179,072 || trainable%: 1.1820
Adding EOS to train dataset:   0%|          | 0/264 [00:00<?, ? examples/s]Adding EOS to train dataset: 100%|██████████| 264/264 [00:00<00:00, 25915.00 examples/s]
Tokenizing train dataset:   0%|          | 0/264 [00:00<?, ? examples/s][RANK 0] Mismatch between tokenized prompt and the start of tokenized prompt+chosen. This may be due to unexpected tokenizer behavior, whitespace issues, or special token handling. Verify that the tokenizer is processing text consistently.
[RANK 0] Mismatch between tokenized prompt and the start of tokenized prompt+rejected. This may be due to unexpected tokenizer behavior, whitespace issues, or special token handling. Verify that the tokenizer is processing text consistently.
[RANK 0] Mismatch between tokenized prompt and the start of tokenized prompt+chosen. This may be due to unexpected tokenizer behavior, whitespace issues, or special token handling. Verify that the tokenizer is processing text consistently.
[RANK 0] Mismatch between tokenized prompt and the start of tokenized prompt+rejected. This may be due to unexpected tokenizer behavior, whitespace issues, or special token handling. Verify that the tokenizer is processing text consistently.
[RANK 0] Mismatch between tokenized prompt and the start of tokenized prompt+chosen. This may be due to unexpected tokenizer behavior, whitespace issues, or special token handling. Verify that the tokenizer is processing text consistently.
[RANK 0] Mismatch between tokenized prompt and the start of tokenized prompt+rejected. This may be due to unexpected tokenizer behavior, whitespace issues, or special token handling. Verify that the tokenizer is processing text consistently.
[RANK 0] Mismatch between tokenized prompt and the start of tokenized prompt+chosen. This may be due to unexpected tokenizer behavior, whitespace issues, or special token handling. Verify that the tokenizer is processing text consistently.
[RANK 0] Mismatch between tokenized prompt and the start of tokenized prompt+rejected. This may be due to unexpected tokenizer behavior, whitespace issues, or special token handling. Verify that the tokenizer is processing text consistently.
[RANK 0] Mismatch between tokenized prompt and the start of tokenized prompt+chosen. This may be due to unexpected tokenizer behavior, whitespace issues, or special token handling. Verify that the tokenizer is processing text consistently.
[RANK 0] Mismatch between tokenized prompt and the start of tokenized prompt+rejected. This may be due to unexpected tokenizer behavior, whitespace issues, or special token handling. Verify that the tokenizer is processing text consistently.
[RANK 0] Mismatch between tokenized prompt and the start of tokenized prompt+chosen. This may be due to unexpected tokenizer behavior, whitespace issues, or special token handling. Verify that the tokenizer is processing text consistently.
[RANK 0] Mismatch between tokenized prompt and the start of tokenized prompt+rejected. This may be due to unexpected tokenizer behavior, whitespace issues, or special token handling. Verify that the tokenizer is processing text consistently.
[RANK 0] Mismatch between tokenized prompt and the start of tokenized prompt+chosen. This may be due to unexpected tokenizer behavior, whitespace issues, or special token handling. Verify that the tokenizer is processing text consistently.
[RANK 0] Mismatch between tokenized prompt and the start of tokenized prompt+chosen. This may be due to unexpected tokenizer behavior, whitespace issues, or special token handling. Verify that the tokenizer is processing text consistently.
[RANK 0] Mismatch between tokenized prompt and the start of tokenized prompt+rejected. This may be due to unexpected tokenizer behavior, whitespace issues, or special token handling. Verify that the tokenizer is processing text consistently.
[RANK 0] Mismatch between tokenized prompt and the start of tokenized prompt+chosen. This may be due to unexpected tokenizer behavior, whitespace issues, or special token handling. Verify that the tokenizer is processing text consistently.
[RANK 0] Mismatch between tokenized prompt and the start of tokenized prompt+rejected. This may be due to unexpected tokenizer behavior, whitespace issues, or special token handling. Verify that the tokenizer is processing text consistently.
[RANK 0] Mismatch between tokenized prompt and the start of tokenized prompt+chosen. This may be due to unexpected tokenizer behavior, whitespace issues, or special token handling. Verify that the tokenizer is processing text consistently.
[RANK 0] Mismatch between tokenized prompt and the start of tokenized prompt+rejected. This may be due to unexpected tokenizer behavior, whitespace issues, or special token handling. Verify that the tokenizer is processing text consistently.
[RANK 0] Mismatch between tokenized prompt and the start of tokenized prompt+chosen. This may be due to unexpected tokenizer behavior, whitespace issues, or special token handling. Verify that the tokenizer is processing text consistently.
[RANK 0] Mismatch between tokenized prompt and the start of tokenized prompt+rejected. This may be due to unexpected tokenizer behavior, whitespace issues, or special token handling. Verify that the tokenizer is processing text consistently.
[RANK 0] Mismatch between tokenized prompt and the start of tokenized prompt+chosen. This may be due to unexpected tokenizer behavior, whitespace issues, or special token handling. Verify that the tokenizer is processing text consistently.
[RANK 0] Mismatch between tokenized prompt and the start of tokenized prompt+rejected. This may be due to unexpected tokenizer behavior, whitespace issues, or special token handling. Verify that the tokenizer is processing text consistently.
[RANK 0] Mismatch between tokenized prompt and the start of tokenized prompt+chosen. This may be due to unexpected tokenizer behavior, whitespace issues, or special token handling. Verify that the tokenizer is processing text consistently.
[RANK 0] Mismatch between tokenized prompt and the start of tokenized prompt+rejected. This may be due to unexpected tokenizer behavior, whitespace issues, or special token handling. Verify that the tokenizer is processing text consistently.
[RANK 0] Mismatch between tokenized prompt and the start of tokenized prompt+chosen. This may be due to unexpected tokenizer behavior, whitespace issues, or special token handling. Verify that the tokenizer is processing text consistently.
[RANK 0] Mismatch between tokenized prompt and the start of tokenized prompt+rejected. This may be due to unexpected tokenizer behavior, whitespace issues, or special token handling. Verify that the tokenizer is processing text consistently.
[RANK 0] Mismatch between tokenized prompt and the start of tokenized prompt+chosen. This may be due to unexpected tokenizer behavior, whitespace issues, or special token handling. Verify that the tokenizer is processing text consistently.
[RANK 0] Mismatch between tokenized prompt and the start of tokenized prompt+rejected. This may be due to unexpected tokenizer behavior, whitespace issues, or special token handling. Verify that the tokenizer is processing text consistently.
[RANK 0] Mismatch between tokenized prompt and the start of tokenized prompt+chosen. This may be due to unexpected tokenizer behavior, whitespace issues, or special token handling. Verify that the tokenizer is processing text consistently.
[RANK 0] Mismatch between tokenized prompt and the start of tokenized prompt+rejected. This may be due to unexpected tokenizer behavior, whitespace issues, or special token handling. Verify that the tokenizer is processing text consistently.
[RANK 0] Mismatch between tokenized prompt and the start of tokenized prompt+chosen. This may be due to unexpected tokenizer behavior, whitespace issues, or special token handling. Verify that the tokenizer is processing text consistently.
[RANK 0] Mismatch between tokenized prompt and the start of tokenized prompt+rejected. This may be due to unexpected tokenizer behavior, whitespace issues, or special token handling. Verify that the tokenizer is processing text consistently.
[RANK 0] Mismatch between tokenized prompt and the start of tokenized prompt+chosen. This may be due to unexpected tokenizer behavior, whitespace issues, or special token handling. Verify that the tokenizer is processing text consistently.
[RANK 0] Mismatch between tokenized prompt and the start of tokenized prompt+rejected. This may be due to unexpected tokenizer behavior, whitespace issues, or special token handling. Verify that the tokenizer is processing text consistently.
[RANK 0] Mismatch between tokenized prompt and the start of tokenized prompt+chosen. This may be due to unexpected tokenizer behavior, whitespace issues, or special token handling. Verify that the tokenizer is processing text consistently.
[RANK 0] Mismatch between tokenized prompt and the start of tokenized prompt+rejected. This may be due to unexpected tokenizer behavior, whitespace issues, or special token handling. Verify that the tokenizer is processing text consistently.
[RANK 0] Mismatch between tokenized prompt and the start of tokenized prompt+chosen. This may be due to unexpected tokenizer behavior, whitespace issues, or special token handling. Verify that the tokenizer is processing text consistently.
[RANK 0] Mismatch between tokenized prompt and the start of tokenized prompt+rejected. This may be due to unexpected tokenizer behavior, whitespace issues, or special token handling. Verify that the tokenizer is processing text consistently.
[RANK 0] Mismatch between tokenized prompt and the start of tokenized prompt+chosen. This may be due to unexpected tokenizer behavior, whitespace issues, or special token handling. Verify that the tokenizer is processing text consistently.
[RANK 0] Mismatch between tokenized prompt and the start of tokenized prompt+rejected. This may be due to unexpected tokenizer behavior, whitespace issues, or special token handling. Verify that the tokenizer is processing text consistently.
[RANK 0] Mismatch between tokenized prompt and the start of tokenized prompt+chosen. This may be due to unexpected tokenizer behavior, whitespace issues, or special token handling. Verify that the tokenizer is processing text consistently.
[RANK 0] Mismatch between tokenized prompt and the start of tokenized prompt+rejected. This may be due to unexpected tokenizer behavior, whitespace issues, or special token handling. Verify that the tokenizer is processing text consistently.
[RANK 0] Mismatch between tokenized prompt and the start of tokenized prompt+chosen. This may be due to unexpected tokenizer behavior, whitespace issues, or special token handling. Verify that the tokenizer is processing text consistently.
[RANK 0] Mismatch between tokenized prompt and the start of tokenized prompt+rejected. This may be due to unexpected tokenizer behavior, whitespace issues, or special token handling. Verify that the tokenizer is processing text consistently.
[RANK 0] Mismatch between tokenized prompt and the start of tokenized prompt+chosen. This may be due to unexpected tokenizer behavior, whitespace issues, or special token handling. Verify that the tokenizer is processing text consistently.
[RANK 0] Mismatch between tokenized prompt and the start of tokenized prompt+rejected. This may be due to unexpected tokenizer behavior, whitespace issues, or special token handling. Verify that the tokenizer is processing text consistently.
[RANK 0] Mismatch between tokenized prompt and the start of tokenized prompt+chosen. This may be due to unexpected tokenizer behavior, whitespace issues, or special token handling. Verify that the tokenizer is processing text consistently.
[RANK 0] Mismatch between tokenized prompt and the start of tokenized prompt+rejected. This may be due to unexpected tokenizer behavior, whitespace issues, or special token handling. Verify that the tokenizer is processing text consistently.
[RANK 0] Mismatch between tokenized prompt and the start of tokenized prompt+chosen. This may be due to unexpected tokenizer behavior, whitespace issues, or special token handling. Verify that the tokenizer is processing text consistently.
[RANK 0] Mismatch between tokenized prompt and the start of tokenized prompt+rejected. This may be due to unexpected tokenizer behavior, whitespace issues, or special token handling. Verify that the tokenizer is processing text consistently.
[RANK 0] Mismatch between tokenized prompt and the start of tokenized prompt+chosen. This may be due to unexpected tokenizer behavior, whitespace issues, or special token handling. Verify that the tokenizer is processing text consistently.
[RANK 0] Mismatch between tokenized prompt and the start of tokenized prompt+rejected. This may be due to unexpected tokenizer behavior, whitespace issues, or special token handling. Verify that the tokenizer is processing text consistently.
[RANK 0] Mismatch between tokenized prompt and the start of tokenized prompt+chosen. This may be due to unexpected tokenizer behavior, whitespace issues, or special token handling. Verify that the tokenizer is processing text consistently.
[RANK 0] Mismatch between tokenized prompt and the start of tokenized prompt+rejected. This may be due to unexpected tokenizer behavior, whitespace issues, or special token handling. Verify that the tokenizer is processing text consistently.
[RANK 0] Mismatch between tokenized prompt and the start of tokenized prompt+chosen. This may be due to unexpected tokenizer behavior, whitespace issues, or special token handling. Verify that the tokenizer is processing text consistently.
[RANK 0] Mismatch between tokenized prompt and the start of tokenized prompt+rejected. This may be due to unexpected tokenizer behavior, whitespace issues, or special token handling. Verify that the tokenizer is processing text consistently.
[RANK 0] Mismatch between tokenized prompt and the start of tokenized prompt+chosen. This may be due to unexpected tokenizer behavior, whitespace issues, or special token handling. Verify that the tokenizer is processing text consistently.
[RANK 0] Mismatch between tokenized prompt and the start of tokenized prompt+rejected. This may be due to unexpected tokenizer behavior, whitespace issues, or special token handling. Verify that the tokenizer is processing text consistently.
[RANK 0] Mismatch between tokenized prompt and the start of tokenized prompt+chosen. This may be due to unexpected tokenizer behavior, whitespace issues, or special token handling. Verify that the tokenizer is processing text consistently.
[RANK 0] Mismatch between tokenized prompt and the start of tokenized prompt+rejected. This may be due to unexpected tokenizer behavior, whitespace issues, or special token handling. Verify that the tokenizer is processing text consistently.
[RANK 0] Mismatch between tokenized prompt and the start of tokenized prompt+chosen. This may be due to unexpected tokenizer behavior, whitespace issues, or special token handling. Verify that the tokenizer is processing text consistently.
[RANK 0] Mismatch between tokenized prompt and the start of tokenized prompt+rejected. This may be due to unexpected tokenizer behavior, whitespace issues, or special token handling. Verify that the tokenizer is processing text consistently.
[RANK 0] Mismatch between tokenized prompt and the start of tokenized prompt+chosen. This may be due to unexpected tokenizer behavior, whitespace issues, or special token handling. Verify that the tokenizer is processing text consistently.
[RANK 0] Mismatch between tokenized prompt and the start of tokenized prompt+rejected. This may be due to unexpected tokenizer behavior, whitespace issues, or special token handling. Verify that the tokenizer is processing text consistently.
[RANK 0] Mismatch between tokenized prompt and the start of tokenized prompt+chosen. This may be due to unexpected tokenizer behavior, whitespace issues, or special token handling. Verify that the tokenizer is processing text consistently.
[RANK 0] Mismatch between tokenized prompt and the start of tokenized prompt+rejected. This may be due to unexpected tokenizer behavior, whitespace issues, or special token handling. Verify that the tokenizer is processing text consistently.
[RANK 0] Mismatch between tokenized prompt and the start of tokenized prompt+chosen. This may be due to unexpected tokenizer behavior, whitespace issues, or special token handling. Verify that the tokenizer is processing text consistently.
[RANK 0] Mismatch between tokenized prompt and the start of tokenized prompt+rejected. This may be due to unexpected tokenizer behavior, whitespace issues, or special token handling. Verify that the tokenizer is processing text consistently.
[RANK 0] Mismatch between tokenized prompt and the start of tokenized prompt+chosen. This may be due to unexpected tokenizer behavior, whitespace issues, or special token handling. Verify that the tokenizer is processing text consistently.
[RANK 0] Mismatch between tokenized prompt and the start of tokenized prompt+rejected. This may be due to unexpected tokenizer behavior, whitespace issues, or special token handling. Verify that the tokenizer is processing text consistently.
[RANK 0] Mismatch between tokenized prompt and the start of tokenized prompt+chosen. This may be due to unexpected tokenizer behavior, whitespace issues, or special token handling. Verify that the tokenizer is processing text consistently.
[RANK 0] Mismatch between tokenized prompt and the start of tokenized prompt+rejected. This may be due to unexpected tokenizer behavior, whitespace issues, or special token handling. Verify that the tokenizer is processing text consistently.
[RANK 0] Mismatch between tokenized prompt and the start of tokenized prompt+chosen. This may be due to unexpected tokenizer behavior, whitespace issues, or special token handling. Verify that the tokenizer is processing text consistently.
[RANK 0] Mismatch between tokenized prompt and the start of tokenized prompt+rejected. This may be due to unexpected tokenizer behavior, whitespace issues, or special token handling. Verify that the tokenizer is processing text consistently.
[RANK 0] Mismatch between tokenized prompt and the start of tokenized prompt+chosen. This may be due to unexpected tokenizer behavior, whitespace issues, or special token handling. Verify that the tokenizer is processing text consistently.
[RANK 0] Mismatch between tokenized prompt and the start of tokenized prompt+rejected. This may be due to unexpected tokenizer behavior, whitespace issues, or special token handling. Verify that the tokenizer is processing text consistently.
[RANK 0] Mismatch between tokenized prompt and the start of tokenized prompt+chosen. This may be due to unexpected tokenizer behavior, whitespace issues, or special token handling. Verify that the tokenizer is processing text consistently.
[RANK 0] Mismatch between tokenized prompt and the start of tokenized prompt+rejected. This may be due to unexpected tokenizer behavior, whitespace issues, or special token handling. Verify that the tokenizer is processing text consistently.
[RANK 0] Mismatch between tokenized prompt and the start of tokenized prompt+chosen. This may be due to unexpected tokenizer behavior, whitespace issues, or special token handling. Verify that the tokenizer is processing text consistently.
[RANK 0] Mismatch between tokenized prompt and the start of tokenized prompt+rejected. This may be due to unexpected tokenizer behavior, whitespace issues, or special token handling. Verify that the tokenizer is processing text consistently.
[RANK 0] Mismatch between tokenized prompt and the start of tokenized prompt+chosen. This may be due to unexpected tokenizer behavior, whitespace issues, or special token handling. Verify that the tokenizer is processing text consistently.
[RANK 0] Mismatch between tokenized prompt and the start of tokenized prompt+rejected. This may be due to unexpected tokenizer behavior, whitespace issues, or special token handling. Verify that the tokenizer is processing text consistently.
[RANK 0] Mismatch between tokenized prompt and the start of tokenized prompt+chosen. This may be due to unexpected tokenizer behavior, whitespace issues, or special token handling. Verify that the tokenizer is processing text consistently.
[RANK 0] Mismatch between tokenized prompt and the start of tokenized prompt+rejected. This may be due to unexpected tokenizer behavior, whitespace issues, or special token handling. Verify that the tokenizer is processing text consistently.
[RANK 0] Mismatch between tokenized prompt and the start of tokenized prompt+chosen. This may be due to unexpected tokenizer behavior, whitespace issues, or special token handling. Verify that the tokenizer is processing text consistently.
[RANK 0] Mismatch between tokenized prompt and the start of tokenized prompt+rejected. This may be due to unexpected tokenizer behavior, whitespace issues, or special token handling. Verify that the tokenizer is processing text consistently.
[RANK 0] Mismatch between tokenized prompt and the start of tokenized prompt+chosen. This may be due to unexpected tokenizer behavior, whitespace issues, or special token handling. Verify that the tokenizer is processing text consistently.
[RANK 0] Mismatch between tokenized prompt and the start of tokenized prompt+rejected. This may be due to unexpected tokenizer behavior, whitespace issues, or special token handling. Verify that the tokenizer is processing text consistently.
[RANK 0] Mismatch between tokenized prompt and the start of tokenized prompt+chosen. This may be due to unexpected tokenizer behavior, whitespace issues, or special token handling. Verify that the tokenizer is processing text consistently.
[RANK 0] Mismatch between tokenized prompt and the start of tokenized prompt+rejected. This may be due to unexpected tokenizer behavior, whitespace issues, or special token handling. Verify that the tokenizer is processing text consistently.
[RANK 0] Mismatch between tokenized prompt and the start of tokenized prompt+chosen. This may be due to unexpected tokenizer behavior, whitespace issues, or special token handling. Verify that the tokenizer is processing text consistently.
[RANK 0] Mismatch between tokenized prompt and the start of tokenized prompt+rejected. This may be due to unexpected tokenizer behavior, whitespace issues, or special token handling. Verify that the tokenizer is processing text consistently.
[RANK 0] Mismatch between tokenized prompt and the start of tokenized prompt+chosen. This may be due to unexpected tokenizer behavior, whitespace issues, or special token handling. Verify that the tokenizer is processing text consistently.
[RANK 0] Mismatch between tokenized prompt and the start of tokenized prompt+rejected. This may be due to unexpected tokenizer behavior, whitespace issues, or special token handling. Verify that the tokenizer is processing text consistently.
[RANK 0] Mismatch between tokenized prompt and the start of tokenized prompt+chosen. This may be due to unexpected tokenizer behavior, whitespace issues, or special token handling. Verify that the tokenizer is processing text consistently.
[RANK 0] Mismatch between tokenized prompt and the start of tokenized prompt+rejected. This may be due to unexpected tokenizer behavior, whitespace issues, or special token handling. Verify that the tokenizer is processing text consistently.
[RANK 0] Mismatch between tokenized prompt and the start of tokenized prompt+chosen. This may be due to unexpected tokenizer behavior, whitespace issues, or special token handling. Verify that the tokenizer is processing text consistently.
[RANK 0] Mismatch between tokenized prompt and the start of tokenized prompt+rejected. This may be due to unexpected tokenizer behavior, whitespace issues, or special token handling. Verify that the tokenizer is processing text consistently.
[RANK 0] Mismatch between tokenized prompt and the start of tokenized prompt+chosen. This may be due to unexpected tokenizer behavior, whitespace issues, or special token handling. Verify that the tokenizer is processing text consistently.
[RANK 0] Mismatch between tokenized prompt and the start of tokenized prompt+rejected. This may be due to unexpected tokenizer behavior, whitespace issues, or special token handling. Verify that the tokenizer is processing text consistently.
[RANK 0] Mismatch between tokenized prompt and the start of tokenized prompt+chosen. This may be due to unexpected tokenizer behavior, whitespace issues, or special token handling. Verify that the tokenizer is processing text consistently.
[RANK 0] Mismatch between tokenized prompt and the start of tokenized prompt+rejected. This may be due to unexpected tokenizer behavior, whitespace issues, or special token handling. Verify that the tokenizer is processing text consistently.
[RANK 0] Mismatch between tokenized prompt and the start of tokenized prompt+chosen. This may be due to unexpected tokenizer behavior, whitespace issues, or special token handling. Verify that the tokenizer is processing text consistently.
[RANK 0] Mismatch between tokenized prompt and the start of tokenized prompt+rejected. This may be due to unexpected tokenizer behavior, whitespace issues, or special token handling. Verify that the tokenizer is processing text consistently.
[RANK 0] Mismatch between tokenized prompt and the start of tokenized prompt+chosen. This may be due to unexpected tokenizer behavior, whitespace issues, or special token handling. Verify that the tokenizer is processing text consistently.
[RANK 0] Mismatch between tokenized prompt and the start of tokenized prompt+rejected. This may be due to unexpected tokenizer behavior, whitespace issues, or special token handling. Verify that the tokenizer is processing text consistently.
[RANK 0] Mismatch between tokenized prompt and the start of tokenized prompt+chosen. This may be due to unexpected tokenizer behavior, whitespace issues, or special token handling. Verify that the tokenizer is processing text consistently.
[RANK 0] Mismatch between tokenized prompt and the start of tokenized prompt+rejected. This may be due to unexpected tokenizer behavior, whitespace issues, or special token handling. Verify that the tokenizer is processing text consistently.
[RANK 0] Mismatch between tokenized prompt and the start of tokenized prompt+chosen. This may be due to unexpected tokenizer behavior, whitespace issues, or special token handling. Verify that the tokenizer is processing text consistently.
[RANK 0] Mismatch between tokenized prompt and the start of tokenized prompt+rejected. This may be due to unexpected tokenizer behavior, whitespace issues, or special token handling. Verify that the tokenizer is processing text consistently.
[RANK 0] Mismatch between tokenized prompt and the start of tokenized prompt+chosen. This may be due to unexpected tokenizer behavior, whitespace issues, or special token handling. Verify that the tokenizer is processing text consistently.
[RANK 0] Mismatch between tokenized prompt and the start of tokenized prompt+rejected. This may be due to unexpected tokenizer behavior, whitespace issues, or special token handling. Verify that the tokenizer is processing text consistently.
[RANK 0] Mismatch between tokenized prompt and the start of tokenized prompt+chosen. This may be due to unexpected tokenizer behavior, whitespace issues, or special token handling. Verify that the tokenizer is processing text consistently.
[RANK 0] Mismatch between tokenized prompt and the start of tokenized prompt+rejected. This may be due to unexpected tokenizer behavior, whitespace issues, or special token handling. Verify that the tokenizer is processing text consistently.
[RANK 0] Mismatch between tokenized prompt and the start of tokenized prompt+chosen. This may be due to unexpected tokenizer behavior, whitespace issues, or special token handling. Verify that the tokenizer is processing text consistently.
[RANK 0] Mismatch between tokenized prompt and the start of tokenized prompt+rejected. This may be due to unexpected tokenizer behavior, whitespace issues, or special token handling. Verify that the tokenizer is processing text consistently.
[RANK 0] Mismatch between tokenized prompt and the start of tokenized prompt+chosen. This may be due to unexpected tokenizer behavior, whitespace issues, or special token handling. Verify that the tokenizer is processing text consistently.
[RANK 0] Mismatch between tokenized prompt and the start of tokenized prompt+rejected. This may be due to unexpected tokenizer behavior, whitespace issues, or special token handling. Verify that the tokenizer is processing text consistently.
[RANK 0] Mismatch between tokenized prompt and the start of tokenized prompt+chosen. This may be due to unexpected tokenizer behavior, whitespace issues, or special token handling. Verify that the tokenizer is processing text consistently.
[RANK 0] Mismatch between tokenized prompt and the start of tokenized prompt+rejected. This may be due to unexpected tokenizer behavior, whitespace issues, or special token handling. Verify that the tokenizer is processing text consistently.
[RANK 0] Mismatch between tokenized prompt and the start of tokenized prompt+chosen. This may be due to unexpected tokenizer behavior, whitespace issues, or special token handling. Verify that the tokenizer is processing text consistently.
[RANK 0] Mismatch between tokenized prompt and the start of tokenized prompt+rejected. This may be due to unexpected tokenizer behavior, whitespace issues, or special token handling. Verify that the tokenizer is processing text consistently.
[RANK 0] Mismatch between tokenized prompt and the start of tokenized prompt+chosen. This may be due to unexpected tokenizer behavior, whitespace issues, or special token handling. Verify that the tokenizer is processing text consistently.
[RANK 0] Mismatch between tokenized prompt and the start of tokenized prompt+rejected. This may be due to unexpected tokenizer behavior, whitespace issues, or special token handling. Verify that the tokenizer is processing text consistently.
Tokenizing train dataset:  34%|███▍      | 91/264 [00:00<00:00, 899.37 examples/s][RANK 0] Mismatch between tokenized prompt and the start of tokenized prompt+chosen. This may be due to unexpected tokenizer behavior, whitespace issues, or special token handling. Verify that the tokenizer is processing text consistently.
[RANK 0] Mismatch between tokenized prompt and the start of tokenized prompt+rejected. This may be due to unexpected tokenizer behavior, whitespace issues, or special token handling. Verify that the tokenizer is processing text consistently.
[RANK 0] Mismatch between tokenized prompt and the start of tokenized prompt+chosen. This may be due to unexpected tokenizer behavior, whitespace issues, or special token handling. Verify that the tokenizer is processing text consistently.
[RANK 0] Mismatch between tokenized prompt and the start of tokenized prompt+rejected. This may be due to unexpected tokenizer behavior, whitespace issues, or special token handling. Verify that the tokenizer is processing text consistently.
[RANK 0] Mismatch between tokenized prompt and the start of tokenized prompt+chosen. This may be due to unexpected tokenizer behavior, whitespace issues, or special token handling. Verify that the tokenizer is processing text consistently.
[RANK 0] Mismatch between tokenized prompt and the start of tokenized prompt+rejected. This may be due to unexpected tokenizer behavior, whitespace issues, or special token handling. Verify that the tokenizer is processing text consistently.
[RANK 0] Mismatch between tokenized prompt and the start of tokenized prompt+chosen. This may be due to unexpected tokenizer behavior, whitespace issues, or special token handling. Verify that the tokenizer is processing text consistently.
[RANK 0] Mismatch between tokenized prompt and the start of tokenized prompt+rejected. This may be due to unexpected tokenizer behavior, whitespace issues, or special token handling. Verify that the tokenizer is processing text consistently.
[RANK 0] Mismatch between tokenized prompt and the start of tokenized prompt+chosen. This may be due to unexpected tokenizer behavior, whitespace issues, or special token handling. Verify that the tokenizer is processing text consistently.
[RANK 0] Mismatch between tokenized prompt and the start of tokenized prompt+rejected. This may be due to unexpected tokenizer behavior, whitespace issues, or special token handling. Verify that the tokenizer is processing text consistently.
[RANK 0] Mismatch between tokenized prompt and the start of tokenized prompt+chosen. This may be due to unexpected tokenizer behavior, whitespace issues, or special token handling. Verify that the tokenizer is processing text consistently.
[RANK 0] Mismatch between tokenized prompt and the start of tokenized prompt+rejected. This may be due to unexpected tokenizer behavior, whitespace issues, or special token handling. Verify that the tokenizer is processing text consistently.
[RANK 0] Mismatch between tokenized prompt and the start of tokenized prompt+chosen. This may be due to unexpected tokenizer behavior, whitespace issues, or special token handling. Verify that the tokenizer is processing text consistently.
[RANK 0] Mismatch between tokenized prompt and the start of tokenized prompt+rejected. This may be due to unexpected tokenizer behavior, whitespace issues, or special token handling. Verify that the tokenizer is processing text consistently.
[RANK 0] Mismatch between tokenized prompt and the start of tokenized prompt+chosen. This may be due to unexpected tokenizer behavior, whitespace issues, or special token handling. Verify that the tokenizer is processing text consistently.
[RANK 0] Mismatch between tokenized prompt and the start of tokenized prompt+rejected. This may be due to unexpected tokenizer behavior, whitespace issues, or special token handling. Verify that the tokenizer is processing text consistently.
[RANK 0] Mismatch between tokenized prompt and the start of tokenized prompt+chosen. This may be due to unexpected tokenizer behavior, whitespace issues, or special token handling. Verify that the tokenizer is processing text consistently.
[RANK 0] Mismatch between tokenized prompt and the start of tokenized prompt+rejected. This may be due to unexpected tokenizer behavior, whitespace issues, or special token handling. Verify that the tokenizer is processing text consistently.
[RANK 0] Mismatch between tokenized prompt and the start of tokenized prompt+chosen. This may be due to unexpected tokenizer behavior, whitespace issues, or special token handling. Verify that the tokenizer is processing text consistently.
[RANK 0] Mismatch between tokenized prompt and the start of tokenized prompt+rejected. This may be due to unexpected tokenizer behavior, whitespace issues, or special token handling. Verify that the tokenizer is processing text consistently.
[RANK 0] Mismatch between tokenized prompt and the start of tokenized prompt+chosen. This may be due to unexpected tokenizer behavior, whitespace issues, or special token handling. Verify that the tokenizer is processing text consistently.
[RANK 0] Mismatch between tokenized prompt and the start of tokenized prompt+rejected. This may be due to unexpected tokenizer behavior, whitespace issues, or special token handling. Verify that the tokenizer is processing text consistently.
[RANK 0] Mismatch between tokenized prompt and the start of tokenized prompt+chosen. This may be due to unexpected tokenizer behavior, whitespace issues, or special token handling. Verify that the tokenizer is processing text consistently.
[RANK 0] Mismatch between tokenized prompt and the start of tokenized prompt+rejected. This may be due to unexpected tokenizer behavior, whitespace issues, or special token handling. Verify that the tokenizer is processing text consistently.
[RANK 0] Mismatch between tokenized prompt and the start of tokenized prompt+chosen. This may be due to unexpected tokenizer behavior, whitespace issues, or special token handling. Verify that the tokenizer is processing text consistently.
[RANK 0] Mismatch between tokenized prompt and the start of tokenized prompt+rejected. This may be due to unexpected tokenizer behavior, whitespace issues, or special token handling. Verify that the tokenizer is processing text consistently.
[RANK 0] Mismatch between tokenized prompt and the start of tokenized prompt+chosen. This may be due to unexpected tokenizer behavior, whitespace issues, or special token handling. Verify that the tokenizer is processing text consistently.
[RANK 0] Mismatch between tokenized prompt and the start of tokenized prompt+rejected. This may be due to unexpected tokenizer behavior, whitespace issues, or special token handling. Verify that the tokenizer is processing text consistently.
[RANK 0] Mismatch between tokenized prompt and the start of tokenized prompt+chosen. This may be due to unexpected tokenizer behavior, whitespace issues, or special token handling. Verify that the tokenizer is processing text consistently.
[RANK 0] Mismatch between tokenized prompt and the start of tokenized prompt+rejected. This may be due to unexpected tokenizer behavior, whitespace issues, or special token handling. Verify that the tokenizer is processing text consistently.
[RANK 0] Mismatch between tokenized prompt and the start of tokenized prompt+chosen. This may be due to unexpected tokenizer behavior, whitespace issues, or special token handling. Verify that the tokenizer is processing text consistently.
[RANK 0] Mismatch between tokenized prompt and the start of tokenized prompt+rejected. This may be due to unexpected tokenizer behavior, whitespace issues, or special token handling. Verify that the tokenizer is processing text consistently.
[RANK 0] Mismatch between tokenized prompt and the start of tokenized prompt+chosen. This may be due to unexpected tokenizer behavior, whitespace issues, or special token handling. Verify that the tokenizer is processing text consistently.
[RANK 0] Mismatch between tokenized prompt and the start of tokenized prompt+rejected. This may be due to unexpected tokenizer behavior, whitespace issues, or special token handling. Verify that the tokenizer is processing text consistently.
[RANK 0] Mismatch between tokenized prompt and the start of tokenized prompt+chosen. This may be due to unexpected tokenizer behavior, whitespace issues, or special token handling. Verify that the tokenizer is processing text consistently.
[RANK 0] Mismatch between tokenized prompt and the start of tokenized prompt+rejected. This may be due to unexpected tokenizer behavior, whitespace issues, or special token handling. Verify that the tokenizer is processing text consistently.
[RANK 0] Mismatch between tokenized prompt and the start of tokenized prompt+chosen. This may be due to unexpected tokenizer behavior, whitespace issues, or special token handling. Verify that the tokenizer is processing text consistently.
[RANK 0] Mismatch between tokenized prompt and the start of tokenized prompt+rejected. This may be due to unexpected tokenizer behavior, whitespace issues, or special token handling. Verify that the tokenizer is processing text consistently.
[RANK 0] Mismatch between tokenized prompt and the start of tokenized prompt+chosen. This may be due to unexpected tokenizer behavior, whitespace issues, or special token handling. Verify that the tokenizer is processing text consistently.
[RANK 0] Mismatch between tokenized prompt and the start of tokenized prompt+chosen. This may be due to unexpected tokenizer behavior, whitespace issues, or special token handling. Verify that the tokenizer is processing text consistently.
[RANK 0] Mismatch between tokenized prompt and the start of tokenized prompt+rejected. This may be due to unexpected tokenizer behavior, whitespace issues, or special token handling. Verify that the tokenizer is processing text consistently.
[RANK 0] Mismatch between tokenized prompt and the start of tokenized prompt+chosen. This may be due to unexpected tokenizer behavior, whitespace issues, or special token handling. Verify that the tokenizer is processing text consistently.
[RANK 0] Mismatch between tokenized prompt and the start of tokenized prompt+rejected. This may be due to unexpected tokenizer behavior, whitespace issues, or special token handling. Verify that the tokenizer is processing text consistently.
[RANK 0] Mismatch between tokenized prompt and the start of tokenized prompt+chosen. This may be due to unexpected tokenizer behavior, whitespace issues, or special token handling. Verify that the tokenizer is processing text consistently.
[RANK 0] Mismatch between tokenized prompt and the start of tokenized prompt+rejected. This may be due to unexpected tokenizer behavior, whitespace issues, or special token handling. Verify that the tokenizer is processing text consistently.
[RANK 0] Mismatch between tokenized prompt and the start of tokenized prompt+chosen. This may be due to unexpected tokenizer behavior, whitespace issues, or special token handling. Verify that the tokenizer is processing text consistently.
[RANK 0] Mismatch between tokenized prompt and the start of tokenized prompt+rejected. This may be due to unexpected tokenizer behavior, whitespace issues, or special token handling. Verify that the tokenizer is processing text consistently.
[RANK 0] Mismatch between tokenized prompt and the start of tokenized prompt+chosen. This may be due to unexpected tokenizer behavior, whitespace issues, or special token handling. Verify that the tokenizer is processing text consistently.
[RANK 0] Mismatch between tokenized prompt and the start of tokenized prompt+rejected. This may be due to unexpected tokenizer behavior, whitespace issues, or special token handling. Verify that the tokenizer is processing text consistently.
[RANK 0] Mismatch between tokenized prompt and the start of tokenized prompt+chosen. This may be due to unexpected tokenizer behavior, whitespace issues, or special token handling. Verify that the tokenizer is processing text consistently.
[RANK 0] Mismatch between tokenized prompt and the start of tokenized prompt+rejected. This may be due to unexpected tokenizer behavior, whitespace issues, or special token handling. Verify that the tokenizer is processing text consistently.
[RANK 0] Mismatch between tokenized prompt and the start of tokenized prompt+chosen. This may be due to unexpected tokenizer behavior, whitespace issues, or special token handling. Verify that the tokenizer is processing text consistently.
[RANK 0] Mismatch between tokenized prompt and the start of tokenized prompt+rejected. This may be due to unexpected tokenizer behavior, whitespace issues, or special token handling. Verify that the tokenizer is processing text consistently.
[RANK 0] Mismatch between tokenized prompt and the start of tokenized prompt+chosen. This may be due to unexpected tokenizer behavior, whitespace issues, or special token handling. Verify that the tokenizer is processing text consistently.
[RANK 0] Mismatch between tokenized prompt and the start of tokenized prompt+rejected. This may be due to unexpected tokenizer behavior, whitespace issues, or special token handling. Verify that the tokenizer is processing text consistently.
[RANK 0] Mismatch between tokenized prompt and the start of tokenized prompt+chosen. This may be due to unexpected tokenizer behavior, whitespace issues, or special token handling. Verify that the tokenizer is processing text consistently.
[RANK 0] Mismatch between tokenized prompt and the start of tokenized prompt+rejected. This may be due to unexpected tokenizer behavior, whitespace issues, or special token handling. Verify that the tokenizer is processing text consistently.
[RANK 0] Mismatch between tokenized prompt and the start of tokenized prompt+chosen. This may be due to unexpected tokenizer behavior, whitespace issues, or special token handling. Verify that the tokenizer is processing text consistently.
[RANK 0] Mismatch between tokenized prompt and the start of tokenized prompt+rejected. This may be due to unexpected tokenizer behavior, whitespace issues, or special token handling. Verify that the tokenizer is processing text consistently.
[RANK 0] Mismatch between tokenized prompt and the start of tokenized prompt+chosen. This may be due to unexpected tokenizer behavior, whitespace issues, or special token handling. Verify that the tokenizer is processing text consistently.
[RANK 0] Mismatch between tokenized prompt and the start of tokenized prompt+rejected. This may be due to unexpected tokenizer behavior, whitespace issues, or special token handling. Verify that the tokenizer is processing text consistently.
[RANK 0] Mismatch between tokenized prompt and the start of tokenized prompt+chosen. This may be due to unexpected tokenizer behavior, whitespace issues, or special token handling. Verify that the tokenizer is processing text consistently.
[RANK 0] Mismatch between tokenized prompt and the start of tokenized prompt+rejected. This may be due to unexpected tokenizer behavior, whitespace issues, or special token handling. Verify that the tokenizer is processing text consistently.
[RANK 0] Mismatch between tokenized prompt and the start of tokenized prompt+chosen. This may be due to unexpected tokenizer behavior, whitespace issues, or special token handling. Verify that the tokenizer is processing text consistently.
[RANK 0] Mismatch between tokenized prompt and the start of tokenized prompt+rejected. This may be due to unexpected tokenizer behavior, whitespace issues, or special token handling. Verify that the tokenizer is processing text consistently.
[RANK 0] Mismatch between tokenized prompt and the start of tokenized prompt+chosen. This may be due to unexpected tokenizer behavior, whitespace issues, or special token handling. Verify that the tokenizer is processing text consistently.
[RANK 0] Mismatch between tokenized prompt and the start of tokenized prompt+rejected. This may be due to unexpected tokenizer behavior, whitespace issues, or special token handling. Verify that the tokenizer is processing text consistently.
[RANK 0] Mismatch between tokenized prompt and the start of tokenized prompt+chosen. This may be due to unexpected tokenizer behavior, whitespace issues, or special token handling. Verify that the tokenizer is processing text consistently.
[RANK 0] Mismatch between tokenized prompt and the start of tokenized prompt+rejected. This may be due to unexpected tokenizer behavior, whitespace issues, or special token handling. Verify that the tokenizer is processing text consistently.
[RANK 0] Mismatch between tokenized prompt and the start of tokenized prompt+chosen. This may be due to unexpected tokenizer behavior, whitespace issues, or special token handling. Verify that the tokenizer is processing text consistently.
[RANK 0] Mismatch between tokenized prompt and the start of tokenized prompt+rejected. This may be due to unexpected tokenizer behavior, whitespace issues, or special token handling. Verify that the tokenizer is processing text consistently.
[RANK 0] Mismatch between tokenized prompt and the start of tokenized prompt+chosen. This may be due to unexpected tokenizer behavior, whitespace issues, or special token handling. Verify that the tokenizer is processing text consistently.
[RANK 0] Mismatch between tokenized prompt and the start of tokenized prompt+rejected. This may be due to unexpected tokenizer behavior, whitespace issues, or special token handling. Verify that the tokenizer is processing text consistently.
[RANK 0] Mismatch between tokenized prompt and the start of tokenized prompt+chosen. This may be due to unexpected tokenizer behavior, whitespace issues, or special token handling. Verify that the tokenizer is processing text consistently.
[RANK 0] Mismatch between tokenized prompt and the start of tokenized prompt+rejected. This may be due to unexpected tokenizer behavior, whitespace issues, or special token handling. Verify that the tokenizer is processing text consistently.
[RANK 0] Mismatch between tokenized prompt and the start of tokenized prompt+chosen. This may be due to unexpected tokenizer behavior, whitespace issues, or special token handling. Verify that the tokenizer is processing text consistently.
[RANK 0] Mismatch between tokenized prompt and the start of tokenized prompt+rejected. This may be due to unexpected tokenizer behavior, whitespace issues, or special token handling. Verify that the tokenizer is processing text consistently.
[RANK 0] Mismatch between tokenized prompt and the start of tokenized prompt+chosen. This may be due to unexpected tokenizer behavior, whitespace issues, or special token handling. Verify that the tokenizer is processing text consistently.
[RANK 0] Mismatch between tokenized prompt and the start of tokenized prompt+rejected. This may be due to unexpected tokenizer behavior, whitespace issues, or special token handling. Verify that the tokenizer is processing text consistently.
[RANK 0] Mismatch between tokenized prompt and the start of tokenized prompt+chosen. This may be due to unexpected tokenizer behavior, whitespace issues, or special token handling. Verify that the tokenizer is processing text consistently.
[RANK 0] Mismatch between tokenized prompt and the start of tokenized prompt+rejected. This may be due to unexpected tokenizer behavior, whitespace issues, or special token handling. Verify that the tokenizer is processing text consistently.
[RANK 0] Mismatch between tokenized prompt and the start of tokenized prompt+chosen. This may be due to unexpected tokenizer behavior, whitespace issues, or special token handling. Verify that the tokenizer is processing text consistently.
[RANK 0] Mismatch between tokenized prompt and the start of tokenized prompt+rejected. This may be due to unexpected tokenizer behavior, whitespace issues, or special token handling. Verify that the tokenizer is processing text consistently.
[RANK 0] Mismatch between tokenized prompt and the start of tokenized prompt+chosen. This may be due to unexpected tokenizer behavior, whitespace issues, or special token handling. Verify that the tokenizer is processing text consistently.
[RANK 0] Mismatch between tokenized prompt and the start of tokenized prompt+rejected. This may be due to unexpected tokenizer behavior, whitespace issues, or special token handling. Verify that the tokenizer is processing text consistently.
[RANK 0] Mismatch between tokenized prompt and the start of tokenized prompt+chosen. This may be due to unexpected tokenizer behavior, whitespace issues, or special token handling. Verify that the tokenizer is processing text consistently.
[RANK 0] Mismatch between tokenized prompt and the start of tokenized prompt+rejected. This may be due to unexpected tokenizer behavior, whitespace issues, or special token handling. Verify that the tokenizer is processing text consistently.
[RANK 0] Mismatch between tokenized prompt and the start of tokenized prompt+chosen. This may be due to unexpected tokenizer behavior, whitespace issues, or special token handling. Verify that the tokenizer is processing text consistently.
[RANK 0] Mismatch between tokenized prompt and the start of tokenized prompt+rejected. This may be due to unexpected tokenizer behavior, whitespace issues, or special token handling. Verify that the tokenizer is processing text consistently.
[RANK 0] Mismatch between tokenized prompt and the start of tokenized prompt+chosen. This may be due to unexpected tokenizer behavior, whitespace issues, or special token handling. Verify that the tokenizer is processing text consistently.
[RANK 0] Mismatch between tokenized prompt and the start of tokenized prompt+rejected. This may be due to unexpected tokenizer behavior, whitespace issues, or special token handling. Verify that the tokenizer is processing text consistently.
[RANK 0] Mismatch between tokenized prompt and the start of tokenized prompt+chosen. This may be due to unexpected tokenizer behavior, whitespace issues, or special token handling. Verify that the tokenizer is processing text consistently.
[RANK 0] Mismatch between tokenized prompt and the start of tokenized prompt+rejected. This may be due to unexpected tokenizer behavior, whitespace issues, or special token handling. Verify that the tokenizer is processing text consistently.
[RANK 0] Mismatch between tokenized prompt and the start of tokenized prompt+chosen. This may be due to unexpected tokenizer behavior, whitespace issues, or special token handling. Verify that the tokenizer is processing text consistently.
[RANK 0] Mismatch between tokenized prompt and the start of tokenized prompt+rejected. This may be due to unexpected tokenizer behavior, whitespace issues, or special token handling. Verify that the tokenizer is processing text consistently.
[RANK 0] Mismatch between tokenized prompt and the start of tokenized prompt+chosen. This may be due to unexpected tokenizer behavior, whitespace issues, or special token handling. Verify that the tokenizer is processing text consistently.
[RANK 0] Mismatch between tokenized prompt and the start of tokenized prompt+rejected. This may be due to unexpected tokenizer behavior, whitespace issues, or special token handling. Verify that the tokenizer is processing text consistently.
[RANK 0] Mismatch between tokenized prompt and the start of tokenized prompt+chosen. This may be due to unexpected tokenizer behavior, whitespace issues, or special token handling. Verify that the tokenizer is processing text consistently.
[RANK 0] Mismatch between tokenized prompt and the start of tokenized prompt+rejected. This may be due to unexpected tokenizer behavior, whitespace issues, or special token handling. Verify that the tokenizer is processing text consistently.
[RANK 0] Mismatch between tokenized prompt and the start of tokenized prompt+chosen. This may be due to unexpected tokenizer behavior, whitespace issues, or special token handling. Verify that the tokenizer is processing text consistently.
[RANK 0] Mismatch between tokenized prompt and the start of tokenized prompt+rejected. This may be due to unexpected tokenizer behavior, whitespace issues, or special token handling. Verify that the tokenizer is processing text consistently.
[RANK 0] Mismatch between tokenized prompt and the start of tokenized prompt+chosen. This may be due to unexpected tokenizer behavior, whitespace issues, or special token handling. Verify that the tokenizer is processing text consistently.
[RANK 0] Mismatch between tokenized prompt and the start of tokenized prompt+rejected. This may be due to unexpected tokenizer behavior, whitespace issues, or special token handling. Verify that the tokenizer is processing text consistently.
[RANK 0] Mismatch between tokenized prompt and the start of tokenized prompt+chosen. This may be due to unexpected tokenizer behavior, whitespace issues, or special token handling. Verify that the tokenizer is processing text consistently.
[RANK 0] Mismatch between tokenized prompt and the start of tokenized prompt+rejected. This may be due to unexpected tokenizer behavior, whitespace issues, or special token handling. Verify that the tokenizer is processing text consistently.
[RANK 0] Mismatch between tokenized prompt and the start of tokenized prompt+chosen. This may be due to unexpected tokenizer behavior, whitespace issues, or special token handling. Verify that the tokenizer is processing text consistently.
[RANK 0] Mismatch between tokenized prompt and the start of tokenized prompt+rejected. This may be due to unexpected tokenizer behavior, whitespace issues, or special token handling. Verify that the tokenizer is processing text consistently.
[RANK 0] Mismatch between tokenized prompt and the start of tokenized prompt+chosen. This may be due to unexpected tokenizer behavior, whitespace issues, or special token handling. Verify that the tokenizer is processing text consistently.
[RANK 0] Mismatch between tokenized prompt and the start of tokenized prompt+rejected. This may be due to unexpected tokenizer behavior, whitespace issues, or special token handling. Verify that the tokenizer is processing text consistently.
[RANK 0] Mismatch between tokenized prompt and the start of tokenized prompt+chosen. This may be due to unexpected tokenizer behavior, whitespace issues, or special token handling. Verify that the tokenizer is processing text consistently.
[RANK 0] Mismatch between tokenized prompt and the start of tokenized prompt+rejected. This may be due to unexpected tokenizer behavior, whitespace issues, or special token handling. Verify that the tokenizer is processing text consistently.
[RANK 0] Mismatch between tokenized prompt and the start of tokenized prompt+chosen. This may be due to unexpected tokenizer behavior, whitespace issues, or special token handling. Verify that the tokenizer is processing text consistently.
[RANK 0] Mismatch between tokenized prompt and the start of tokenized prompt+rejected. This may be due to unexpected tokenizer behavior, whitespace issues, or special token handling. Verify that the tokenizer is processing text consistently.
[RANK 0] Mismatch between tokenized prompt and the start of tokenized prompt+chosen. This may be due to unexpected tokenizer behavior, whitespace issues, or special token handling. Verify that the tokenizer is processing text consistently.
[RANK 0] Mismatch between tokenized prompt and the start of tokenized prompt+rejected. This may be due to unexpected tokenizer behavior, whitespace issues, or special token handling. Verify that the tokenizer is processing text consistently.
[RANK 0] Mismatch between tokenized prompt and the start of tokenized prompt+chosen. This may be due to unexpected tokenizer behavior, whitespace issues, or special token handling. Verify that the tokenizer is processing text consistently.
[RANK 0] Mismatch between tokenized prompt and the start of tokenized prompt+rejected. This may be due to unexpected tokenizer behavior, whitespace issues, or special token handling. Verify that the tokenizer is processing text consistently.
[RANK 0] Mismatch between tokenized prompt and the start of tokenized prompt+chosen. This may be due to unexpected tokenizer behavior, whitespace issues, or special token handling. Verify that the tokenizer is processing text consistently.
[RANK 0] Mismatch between tokenized prompt and the start of tokenized prompt+rejected. This may be due to unexpected tokenizer behavior, whitespace issues, or special token handling. Verify that the tokenizer is processing text consistently.
[RANK 0] Mismatch between tokenized prompt and the start of tokenized prompt+chosen. This may be due to unexpected tokenizer behavior, whitespace issues, or special token handling. Verify that the tokenizer is processing text consistently.
[RANK 0] Mismatch between tokenized prompt and the start of tokenized prompt+rejected. This may be due to unexpected tokenizer behavior, whitespace issues, or special token handling. Verify that the tokenizer is processing text consistently.
[RANK 0] Mismatch between tokenized prompt and the start of tokenized prompt+chosen. This may be due to unexpected tokenizer behavior, whitespace issues, or special token handling. Verify that the tokenizer is processing text consistently.
[RANK 0] Mismatch between tokenized prompt and the start of tokenized prompt+rejected. This may be due to unexpected tokenizer behavior, whitespace issues, or special token handling. Verify that the tokenizer is processing text consistently.
[RANK 0] Mismatch between tokenized prompt and the start of tokenized prompt+chosen. This may be due to unexpected tokenizer behavior, whitespace issues, or special token handling. Verify that the tokenizer is processing text consistently.
[RANK 0] Mismatch between tokenized prompt and the start of tokenized prompt+rejected. This may be due to unexpected tokenizer behavior, whitespace issues, or special token handling. Verify that the tokenizer is processing text consistently.
[RANK 0] Mismatch between tokenized prompt and the start of tokenized prompt+chosen. This may be due to unexpected tokenizer behavior, whitespace issues, or special token handling. Verify that the tokenizer is processing text consistently.
[RANK 0] Mismatch between tokenized prompt and the start of tokenized prompt+rejected. This may be due to unexpected tokenizer behavior, whitespace issues, or special token handling. Verify that the tokenizer is processing text consistently.
[RANK 0] Mismatch between tokenized prompt and the start of tokenized prompt+chosen. This may be due to unexpected tokenizer behavior, whitespace issues, or special token handling. Verify that the tokenizer is processing text consistently.
[RANK 0] Mismatch between tokenized prompt and the start of tokenized prompt+rejected. This may be due to unexpected tokenizer behavior, whitespace issues, or special token handling. Verify that the tokenizer is processing text consistently.
[RANK 0] Mismatch between tokenized prompt and the start of tokenized prompt+chosen. This may be due to unexpected tokenizer behavior, whitespace issues, or special token handling. Verify that the tokenizer is processing text consistently.
[RANK 0] Mismatch between tokenized prompt and the start of tokenized prompt+rejected. This may be due to unexpected tokenizer behavior, whitespace issues, or special token handling. Verify that the tokenizer is processing text consistently.
[RANK 0] Mismatch between tokenized prompt and the start of tokenized prompt+chosen. This may be due to unexpected tokenizer behavior, whitespace issues, or special token handling. Verify that the tokenizer is processing text consistently.
[RANK 0] Mismatch between tokenized prompt and the start of tokenized prompt+rejected. This may be due to unexpected tokenizer behavior, whitespace issues, or special token handling. Verify that the tokenizer is processing text consistently.
[RANK 0] Mismatch between tokenized prompt and the start of tokenized prompt+chosen. This may be due to unexpected tokenizer behavior, whitespace issues, or special token handling. Verify that the tokenizer is processing text consistently.
[RANK 0] Mismatch between tokenized prompt and the start of tokenized prompt+rejected. This may be due to unexpected tokenizer behavior, whitespace issues, or special token handling. Verify that the tokenizer is processing text consistently.
Tokenizing train dataset:  69%|██████▉   | 182/264 [00:00<00:00, 904.23 examples/s][RANK 0] Mismatch between tokenized prompt and the start of tokenized prompt+chosen. This may be due to unexpected tokenizer behavior, whitespace issues, or special token handling. Verify that the tokenizer is processing text consistently.
[RANK 0] Mismatch between tokenized prompt and the start of tokenized prompt+rejected. This may be due to unexpected tokenizer behavior, whitespace issues, or special token handling. Verify that the tokenizer is processing text consistently.
[RANK 0] Mismatch between tokenized prompt and the start of tokenized prompt+chosen. This may be due to unexpected tokenizer behavior, whitespace issues, or special token handling. Verify that the tokenizer is processing text consistently.
[RANK 0] Mismatch between tokenized prompt and the start of tokenized prompt+rejected. This may be due to unexpected tokenizer behavior, whitespace issues, or special token handling. Verify that the tokenizer is processing text consistently.
[RANK 0] Mismatch between tokenized prompt and the start of tokenized prompt+chosen. This may be due to unexpected tokenizer behavior, whitespace issues, or special token handling. Verify that the tokenizer is processing text consistently.
[RANK 0] Mismatch between tokenized prompt and the start of tokenized prompt+rejected. This may be due to unexpected tokenizer behavior, whitespace issues, or special token handling. Verify that the tokenizer is processing text consistently.
[RANK 0] Mismatch between tokenized prompt and the start of tokenized prompt+chosen. This may be due to unexpected tokenizer behavior, whitespace issues, or special token handling. Verify that the tokenizer is processing text consistently.
[RANK 0] Mismatch between tokenized prompt and the start of tokenized prompt+rejected. This may be due to unexpected tokenizer behavior, whitespace issues, or special token handling. Verify that the tokenizer is processing text consistently.
[RANK 0] Mismatch between tokenized prompt and the start of tokenized prompt+chosen. This may be due to unexpected tokenizer behavior, whitespace issues, or special token handling. Verify that the tokenizer is processing text consistently.
[RANK 0] Mismatch between tokenized prompt and the start of tokenized prompt+rejected. This may be due to unexpected tokenizer behavior, whitespace issues, or special token handling. Verify that the tokenizer is processing text consistently.
[RANK 0] Mismatch between tokenized prompt and the start of tokenized prompt+chosen. This may be due to unexpected tokenizer behavior, whitespace issues, or special token handling. Verify that the tokenizer is processing text consistently.
[RANK 0] Mismatch between tokenized prompt and the start of tokenized prompt+rejected. This may be due to unexpected tokenizer behavior, whitespace issues, or special token handling. Verify that the tokenizer is processing text consistently.
[RANK 0] Mismatch between tokenized prompt and the start of tokenized prompt+chosen. This may be due to unexpected tokenizer behavior, whitespace issues, or special token handling. Verify that the tokenizer is processing text consistently.
[RANK 0] Mismatch between tokenized prompt and the start of tokenized prompt+rejected. This may be due to unexpected tokenizer behavior, whitespace issues, or special token handling. Verify that the tokenizer is processing text consistently.
[RANK 0] Mismatch between tokenized prompt and the start of tokenized prompt+chosen. This may be due to unexpected tokenizer behavior, whitespace issues, or special token handling. Verify that the tokenizer is processing text consistently.
[RANK 0] Mismatch between tokenized prompt and the start of tokenized prompt+rejected. This may be due to unexpected tokenizer behavior, whitespace issues, or special token handling. Verify that the tokenizer is processing text consistently.
[RANK 0] Mismatch between tokenized prompt and the start of tokenized prompt+chosen. This may be due to unexpected tokenizer behavior, whitespace issues, or special token handling. Verify that the tokenizer is processing text consistently.
[RANK 0] Mismatch between tokenized prompt and the start of tokenized prompt+rejected. This may be due to unexpected tokenizer behavior, whitespace issues, or special token handling. Verify that the tokenizer is processing text consistently.
[RANK 0] Mismatch between tokenized prompt and the start of tokenized prompt+chosen. This may be due to unexpected tokenizer behavior, whitespace issues, or special token handling. Verify that the tokenizer is processing text consistently.
[RANK 0] Mismatch between tokenized prompt and the start of tokenized prompt+rejected. This may be due to unexpected tokenizer behavior, whitespace issues, or special token handling. Verify that the tokenizer is processing text consistently.
[RANK 0] Mismatch between tokenized prompt and the start of tokenized prompt+chosen. This may be due to unexpected tokenizer behavior, whitespace issues, or special token handling. Verify that the tokenizer is processing text consistently.
[RANK 0] Mismatch between tokenized prompt and the start of tokenized prompt+rejected. This may be due to unexpected tokenizer behavior, whitespace issues, or special token handling. Verify that the tokenizer is processing text consistently.
[RANK 0] Mismatch between tokenized prompt and the start of tokenized prompt+chosen. This may be due to unexpected tokenizer behavior, whitespace issues, or special token handling. Verify that the tokenizer is processing text consistently.
[RANK 0] Mismatch between tokenized prompt and the start of tokenized prompt+rejected. This may be due to unexpected tokenizer behavior, whitespace issues, or special token handling. Verify that the tokenizer is processing text consistently.
[RANK 0] Mismatch between tokenized prompt and the start of tokenized prompt+chosen. This may be due to unexpected tokenizer behavior, whitespace issues, or special token handling. Verify that the tokenizer is processing text consistently.
[RANK 0] Mismatch between tokenized prompt and the start of tokenized prompt+rejected. This may be due to unexpected tokenizer behavior, whitespace issues, or special token handling. Verify that the tokenizer is processing text consistently.
[RANK 0] Mismatch between tokenized prompt and the start of tokenized prompt+chosen. This may be due to unexpected tokenizer behavior, whitespace issues, or special token handling. Verify that the tokenizer is processing text consistently.
[RANK 0] Mismatch between tokenized prompt and the start of tokenized prompt+rejected. This may be due to unexpected tokenizer behavior, whitespace issues, or special token handling. Verify that the tokenizer is processing text consistently.
[RANK 0] Mismatch between tokenized prompt and the start of tokenized prompt+chosen. This may be due to unexpected tokenizer behavior, whitespace issues, or special token handling. Verify that the tokenizer is processing text consistently.
[RANK 0] Mismatch between tokenized prompt and the start of tokenized prompt+rejected. This may be due to unexpected tokenizer behavior, whitespace issues, or special token handling. Verify that the tokenizer is processing text consistently.
[RANK 0] Mismatch between tokenized prompt and the start of tokenized prompt+chosen. This may be due to unexpected tokenizer behavior, whitespace issues, or special token handling. Verify that the tokenizer is processing text consistently.
[RANK 0] Mismatch between tokenized prompt and the start of tokenized prompt+rejected. This may be due to unexpected tokenizer behavior, whitespace issues, or special token handling. Verify that the tokenizer is processing text consistently.
[RANK 0] Mismatch between tokenized prompt and the start of tokenized prompt+chosen. This may be due to unexpected tokenizer behavior, whitespace issues, or special token handling. Verify that the tokenizer is processing text consistently.
[RANK 0] Mismatch between tokenized prompt and the start of tokenized prompt+rejected. This may be due to unexpected tokenizer behavior, whitespace issues, or special token handling. Verify that the tokenizer is processing text consistently.
[RANK 0] Mismatch between tokenized prompt and the start of tokenized prompt+chosen. This may be due to unexpected tokenizer behavior, whitespace issues, or special token handling. Verify that the tokenizer is processing text consistently.
[RANK 0] Mismatch between tokenized prompt and the start of tokenized prompt+rejected. This may be due to unexpected tokenizer behavior, whitespace issues, or special token handling. Verify that the tokenizer is processing text consistently.
[RANK 0] Mismatch between tokenized prompt and the start of tokenized prompt+chosen. This may be due to unexpected tokenizer behavior, whitespace issues, or special token handling. Verify that the tokenizer is processing text consistently.
[RANK 0] Mismatch between tokenized prompt and the start of tokenized prompt+rejected. This may be due to unexpected tokenizer behavior, whitespace issues, or special token handling. Verify that the tokenizer is processing text consistently.
[RANK 0] Mismatch between tokenized prompt and the start of tokenized prompt+chosen. This may be due to unexpected tokenizer behavior, whitespace issues, or special token handling. Verify that the tokenizer is processing text consistently.
[RANK 0] Mismatch between tokenized prompt and the start of tokenized prompt+rejected. This may be due to unexpected tokenizer behavior, whitespace issues, or special token handling. Verify that the tokenizer is processing text consistently.
[RANK 0] Mismatch between tokenized prompt and the start of tokenized prompt+chosen. This may be due to unexpected tokenizer behavior, whitespace issues, or special token handling. Verify that the tokenizer is processing text consistently.
[RANK 0] Mismatch between tokenized prompt and the start of tokenized prompt+rejected. This may be due to unexpected tokenizer behavior, whitespace issues, or special token handling. Verify that the tokenizer is processing text consistently.
[RANK 0] Mismatch between tokenized prompt and the start of tokenized prompt+chosen. This may be due to unexpected tokenizer behavior, whitespace issues, or special token handling. Verify that the tokenizer is processing text consistently.
[RANK 0] Mismatch between tokenized prompt and the start of tokenized prompt+rejected. This may be due to unexpected tokenizer behavior, whitespace issues, or special token handling. Verify that the tokenizer is processing text consistently.
[RANK 0] Mismatch between tokenized prompt and the start of tokenized prompt+chosen. This may be due to unexpected tokenizer behavior, whitespace issues, or special token handling. Verify that the tokenizer is processing text consistently.
[RANK 0] Mismatch between tokenized prompt and the start of tokenized prompt+rejected. This may be due to unexpected tokenizer behavior, whitespace issues, or special token handling. Verify that the tokenizer is processing text consistently.
[RANK 0] Mismatch between tokenized prompt and the start of tokenized prompt+chosen. This may be due to unexpected tokenizer behavior, whitespace issues, or special token handling. Verify that the tokenizer is processing text consistently.
[RANK 0] Mismatch between tokenized prompt and the start of tokenized prompt+rejected. This may be due to unexpected tokenizer behavior, whitespace issues, or special token handling. Verify that the tokenizer is processing text consistently.
[RANK 0] Mismatch between tokenized prompt and the start of tokenized prompt+chosen. This may be due to unexpected tokenizer behavior, whitespace issues, or special token handling. Verify that the tokenizer is processing text consistently.
[RANK 0] Mismatch between tokenized prompt and the start of tokenized prompt+rejected. This may be due to unexpected tokenizer behavior, whitespace issues, or special token handling. Verify that the tokenizer is processing text consistently.
[RANK 0] Mismatch between tokenized prompt and the start of tokenized prompt+chosen. This may be due to unexpected tokenizer behavior, whitespace issues, or special token handling. Verify that the tokenizer is processing text consistently.
[RANK 0] Mismatch between tokenized prompt and the start of tokenized prompt+rejected. This may be due to unexpected tokenizer behavior, whitespace issues, or special token handling. Verify that the tokenizer is processing text consistently.
[RANK 0] Mismatch between tokenized prompt and the start of tokenized prompt+chosen. This may be due to unexpected tokenizer behavior, whitespace issues, or special token handling. Verify that the tokenizer is processing text consistently.
[RANK 0] Mismatch between tokenized prompt and the start of tokenized prompt+rejected. This may be due to unexpected tokenizer behavior, whitespace issues, or special token handling. Verify that the tokenizer is processing text consistently.
[RANK 0] Mismatch between tokenized prompt and the start of tokenized prompt+chosen. This may be due to unexpected tokenizer behavior, whitespace issues, or special token handling. Verify that the tokenizer is processing text consistently.
[RANK 0] Mismatch between tokenized prompt and the start of tokenized prompt+rejected. This may be due to unexpected tokenizer behavior, whitespace issues, or special token handling. Verify that the tokenizer is processing text consistently.
[RANK 0] Mismatch between tokenized prompt and the start of tokenized prompt+chosen. This may be due to unexpected tokenizer behavior, whitespace issues, or special token handling. Verify that the tokenizer is processing text consistently.
[RANK 0] Mismatch between tokenized prompt and the start of tokenized prompt+rejected. This may be due to unexpected tokenizer behavior, whitespace issues, or special token handling. Verify that the tokenizer is processing text consistently.
[RANK 0] Mismatch between tokenized prompt and the start of tokenized prompt+chosen. This may be due to unexpected tokenizer behavior, whitespace issues, or special token handling. Verify that the tokenizer is processing text consistently.
[RANK 0] Mismatch between tokenized prompt and the start of tokenized prompt+rejected. This may be due to unexpected tokenizer behavior, whitespace issues, or special token handling. Verify that the tokenizer is processing text consistently.
[RANK 0] Mismatch between tokenized prompt and the start of tokenized prompt+chosen. This may be due to unexpected tokenizer behavior, whitespace issues, or special token handling. Verify that the tokenizer is processing text consistently.
[RANK 0] Mismatch between tokenized prompt and the start of tokenized prompt+rejected. This may be due to unexpected tokenizer behavior, whitespace issues, or special token handling. Verify that the tokenizer is processing text consistently.
[RANK 0] Mismatch between tokenized prompt and the start of tokenized prompt+chosen. This may be due to unexpected tokenizer behavior, whitespace issues, or special token handling. Verify that the tokenizer is processing text consistently.
[RANK 0] Mismatch between tokenized prompt and the start of tokenized prompt+rejected. This may be due to unexpected tokenizer behavior, whitespace issues, or special token handling. Verify that the tokenizer is processing text consistently.
[RANK 0] Mismatch between tokenized prompt and the start of tokenized prompt+chosen. This may be due to unexpected tokenizer behavior, whitespace issues, or special token handling. Verify that the tokenizer is processing text consistently.
[RANK 0] Mismatch between tokenized prompt and the start of tokenized prompt+rejected. This may be due to unexpected tokenizer behavior, whitespace issues, or special token handling. Verify that the tokenizer is processing text consistently.
[RANK 0] Mismatch between tokenized prompt and the start of tokenized prompt+chosen. This may be due to unexpected tokenizer behavior, whitespace issues, or special token handling. Verify that the tokenizer is processing text consistently.
[RANK 0] Mismatch between tokenized prompt and the start of tokenized prompt+rejected. This may be due to unexpected tokenizer behavior, whitespace issues, or special token handling. Verify that the tokenizer is processing text consistently.
[RANK 0] Mismatch between tokenized prompt and the start of tokenized prompt+chosen. This may be due to unexpected tokenizer behavior, whitespace issues, or special token handling. Verify that the tokenizer is processing text consistently.
[RANK 0] Mismatch between tokenized prompt and the start of tokenized prompt+rejected. This may be due to unexpected tokenizer behavior, whitespace issues, or special token handling. Verify that the tokenizer is processing text consistently.
[RANK 0] Mismatch between tokenized prompt and the start of tokenized prompt+chosen. This may be due to unexpected tokenizer behavior, whitespace issues, or special token handling. Verify that the tokenizer is processing text consistently.
[RANK 0] Mismatch between tokenized prompt and the start of tokenized prompt+rejected. This may be due to unexpected tokenizer behavior, whitespace issues, or special token handling. Verify that the tokenizer is processing text consistently.
[RANK 0] Mismatch between tokenized prompt and the start of tokenized prompt+chosen. This may be due to unexpected tokenizer behavior, whitespace issues, or special token handling. Verify that the tokenizer is processing text consistently.
[RANK 0] Mismatch between tokenized prompt and the start of tokenized prompt+rejected. This may be due to unexpected tokenizer behavior, whitespace issues, or special token handling. Verify that the tokenizer is processing text consistently.
[RANK 0] Mismatch between tokenized prompt and the start of tokenized prompt+chosen. This may be due to unexpected tokenizer behavior, whitespace issues, or special token handling. Verify that the tokenizer is processing text consistently.
[RANK 0] Mismatch between tokenized prompt and the start of tokenized prompt+rejected. This may be due to unexpected tokenizer behavior, whitespace issues, or special token handling. Verify that the tokenizer is processing text consistently.
[RANK 0] Mismatch between tokenized prompt and the start of tokenized prompt+chosen. This may be due to unexpected tokenizer behavior, whitespace issues, or special token handling. Verify that the tokenizer is processing text consistently.
[RANK 0] Mismatch between tokenized prompt and the start of tokenized prompt+rejected. This may be due to unexpected tokenizer behavior, whitespace issues, or special token handling. Verify that the tokenizer is processing text consistently.
[RANK 0] Mismatch between tokenized prompt and the start of tokenized prompt+chosen. This may be due to unexpected tokenizer behavior, whitespace issues, or special token handling. Verify that the tokenizer is processing text consistently.
[RANK 0] Mismatch between tokenized prompt and the start of tokenized prompt+rejected. This may be due to unexpected tokenizer behavior, whitespace issues, or special token handling. Verify that the tokenizer is processing text consistently.
[RANK 0] Mismatch between tokenized prompt and the start of tokenized prompt+chosen. This may be due to unexpected tokenizer behavior, whitespace issues, or special token handling. Verify that the tokenizer is processing text consistently.
[RANK 0] Mismatch between tokenized prompt and the start of tokenized prompt+rejected. This may be due to unexpected tokenizer behavior, whitespace issues, or special token handling. Verify that the tokenizer is processing text consistently.
[RANK 0] Mismatch between tokenized prompt and the start of tokenized prompt+chosen. This may be due to unexpected tokenizer behavior, whitespace issues, or special token handling. Verify that the tokenizer is processing text consistently.
[RANK 0] Mismatch between tokenized prompt and the start of tokenized prompt+rejected. This may be due to unexpected tokenizer behavior, whitespace issues, or special token handling. Verify that the tokenizer is processing text consistently.
[RANK 0] Mismatch between tokenized prompt and the start of tokenized prompt+chosen. This may be due to unexpected tokenizer behavior, whitespace issues, or special token handling. Verify that the tokenizer is processing text consistently.
[RANK 0] Mismatch between tokenized prompt and the start of tokenized prompt+rejected. This may be due to unexpected tokenizer behavior, whitespace issues, or special token handling. Verify that the tokenizer is processing text consistently.
[RANK 0] Mismatch between tokenized prompt and the start of tokenized prompt+chosen. This may be due to unexpected tokenizer behavior, whitespace issues, or special token handling. Verify that the tokenizer is processing text consistently.
[RANK 0] Mismatch between tokenized prompt and the start of tokenized prompt+rejected. This may be due to unexpected tokenizer behavior, whitespace issues, or special token handling. Verify that the tokenizer is processing text consistently.
[RANK 0] Mismatch between tokenized prompt and the start of tokenized prompt+chosen. This may be due to unexpected tokenizer behavior, whitespace issues, or special token handling. Verify that the tokenizer is processing text consistently.
[RANK 0] Mismatch between tokenized prompt and the start of tokenized prompt+rejected. This may be due to unexpected tokenizer behavior, whitespace issues, or special token handling. Verify that the tokenizer is processing text consistently.
[RANK 0] Mismatch between tokenized prompt and the start of tokenized prompt+chosen. This may be due to unexpected tokenizer behavior, whitespace issues, or special token handling. Verify that the tokenizer is processing text consistently.
[RANK 0] Mismatch between tokenized prompt and the start of tokenized prompt+rejected. This may be due to unexpected tokenizer behavior, whitespace issues, or special token handling. Verify that the tokenizer is processing text consistently.
[RANK 0] Mismatch between tokenized prompt and the start of tokenized prompt+chosen. This may be due to unexpected tokenizer behavior, whitespace issues, or special token handling. Verify that the tokenizer is processing text consistently.
[RANK 0] Mismatch between tokenized prompt and the start of tokenized prompt+rejected. This may be due to unexpected tokenizer behavior, whitespace issues, or special token handling. Verify that the tokenizer is processing text consistently.
[RANK 0] Mismatch between tokenized prompt and the start of tokenized prompt+chosen. This may be due to unexpected tokenizer behavior, whitespace issues, or special token handling. Verify that the tokenizer is processing text consistently.
[RANK 0] Mismatch between tokenized prompt and the start of tokenized prompt+rejected. This may be due to unexpected tokenizer behavior, whitespace issues, or special token handling. Verify that the tokenizer is processing text consistently.
[RANK 0] Mismatch between tokenized prompt and the start of tokenized prompt+chosen. This may be due to unexpected tokenizer behavior, whitespace issues, or special token handling. Verify that the tokenizer is processing text consistently.
[RANK 0] Mismatch between tokenized prompt and the start of tokenized prompt+rejected. This may be due to unexpected tokenizer behavior, whitespace issues, or special token handling. Verify that the tokenizer is processing text consistently.
[RANK 0] Mismatch between tokenized prompt and the start of tokenized prompt+chosen. This may be due to unexpected tokenizer behavior, whitespace issues, or special token handling. Verify that the tokenizer is processing text consistently.
[RANK 0] Mismatch between tokenized prompt and the start of tokenized prompt+rejected. This may be due to unexpected tokenizer behavior, whitespace issues, or special token handling. Verify that the tokenizer is processing text consistently.
[RANK 0] Mismatch between tokenized prompt and the start of tokenized prompt+chosen. This may be due to unexpected tokenizer behavior, whitespace issues, or special token handling. Verify that the tokenizer is processing text consistently.
[RANK 0] Mismatch between tokenized prompt and the start of tokenized prompt+rejected. This may be due to unexpected tokenizer behavior, whitespace issues, or special token handling. Verify that the tokenizer is processing text consistently.
[RANK 0] Mismatch between tokenized prompt and the start of tokenized prompt+chosen. This may be due to unexpected tokenizer behavior, whitespace issues, or special token handling. Verify that the tokenizer is processing text consistently.
[RANK 0] Mismatch between tokenized prompt and the start of tokenized prompt+rejected. This may be due to unexpected tokenizer behavior, whitespace issues, or special token handling. Verify that the tokenizer is processing text consistently.
[RANK 0] Mismatch between tokenized prompt and the start of tokenized prompt+chosen. This may be due to unexpected tokenizer behavior, whitespace issues, or special token handling. Verify that the tokenizer is processing text consistently.
[RANK 0] Mismatch between tokenized prompt and the start of tokenized prompt+rejected. This may be due to unexpected tokenizer behavior, whitespace issues, or special token handling. Verify that the tokenizer is processing text consistently.
[RANK 0] Mismatch between tokenized prompt and the start of tokenized prompt+chosen. This may be due to unexpected tokenizer behavior, whitespace issues, or special token handling. Verify that the tokenizer is processing text consistently.
[RANK 0] Mismatch between tokenized prompt and the start of tokenized prompt+rejected. This may be due to unexpected tokenizer behavior, whitespace issues, or special token handling. Verify that the tokenizer is processing text consistently.
[RANK 0] Mismatch between tokenized prompt and the start of tokenized prompt+chosen. This may be due to unexpected tokenizer behavior, whitespace issues, or special token handling. Verify that the tokenizer is processing text consistently.
[RANK 0] Mismatch between tokenized prompt and the start of tokenized prompt+rejected. This may be due to unexpected tokenizer behavior, whitespace issues, or special token handling. Verify that the tokenizer is processing text consistently.
[RANK 0] Mismatch between tokenized prompt and the start of tokenized prompt+chosen. This may be due to unexpected tokenizer behavior, whitespace issues, or special token handling. Verify that the tokenizer is processing text consistently.
[RANK 0] Mismatch between tokenized prompt and the start of tokenized prompt+rejected. This may be due to unexpected tokenizer behavior, whitespace issues, or special token handling. Verify that the tokenizer is processing text consistently.
[RANK 0] Mismatch between tokenized prompt and the start of tokenized prompt+chosen. This may be due to unexpected tokenizer behavior, whitespace issues, or special token handling. Verify that the tokenizer is processing text consistently.
[RANK 0] Mismatch between tokenized prompt and the start of tokenized prompt+rejected. This may be due to unexpected tokenizer behavior, whitespace issues, or special token handling. Verify that the tokenizer is processing text consistently.
[RANK 0] Mismatch between tokenized prompt and the start of tokenized prompt+chosen. This may be due to unexpected tokenizer behavior, whitespace issues, or special token handling. Verify that the tokenizer is processing text consistently.
[RANK 0] Mismatch between tokenized prompt and the start of tokenized prompt+rejected. This may be due to unexpected tokenizer behavior, whitespace issues, or special token handling. Verify that the tokenizer is processing text consistently.
[RANK 0] Mismatch between tokenized prompt and the start of tokenized prompt+chosen. This may be due to unexpected tokenizer behavior, whitespace issues, or special token handling. Verify that the tokenizer is processing text consistently.
[RANK 0] Mismatch between tokenized prompt and the start of tokenized prompt+rejected. This may be due to unexpected tokenizer behavior, whitespace issues, or special token handling. Verify that the tokenizer is processing text consistently.
[RANK 0] Mismatch between tokenized prompt and the start of tokenized prompt+chosen. This may be due to unexpected tokenizer behavior, whitespace issues, or special token handling. Verify that the tokenizer is processing text consistently.
[RANK 0] Mismatch between tokenized prompt and the start of tokenized prompt+rejected. This may be due to unexpected tokenizer behavior, whitespace issues, or special token handling. Verify that the tokenizer is processing text consistently.
[RANK 0] Mismatch between tokenized prompt and the start of tokenized prompt+chosen. This may be due to unexpected tokenizer behavior, whitespace issues, or special token handling. Verify that the tokenizer is processing text consistently.
[RANK 0] Mismatch between tokenized prompt and the start of tokenized prompt+rejected. This may be due to unexpected tokenizer behavior, whitespace issues, or special token handling. Verify that the tokenizer is processing text consistently.
[RANK 0] Mismatch between tokenized prompt and the start of tokenized prompt+chosen. This may be due to unexpected tokenizer behavior, whitespace issues, or special token handling. Verify that the tokenizer is processing text consistently.
[RANK 0] Mismatch between tokenized prompt and the start of tokenized prompt+rejected. This may be due to unexpected tokenizer behavior, whitespace issues, or special token handling. Verify that the tokenizer is processing text consistently.
[RANK 0] Mismatch between tokenized prompt and the start of tokenized prompt+chosen. This may be due to unexpected tokenizer behavior, whitespace issues, or special token handling. Verify that the tokenizer is processing text consistently.
[RANK 0] Mismatch between tokenized prompt and the start of tokenized prompt+rejected. This may be due to unexpected tokenizer behavior, whitespace issues, or special token handling. Verify that the tokenizer is processing text consistently.
[RANK 0] Mismatch between tokenized prompt and the start of tokenized prompt+chosen. This may be due to unexpected tokenizer behavior, whitespace issues, or special token handling. Verify that the tokenizer is processing text consistently.
[RANK 0] Mismatch between tokenized prompt and the start of tokenized prompt+rejected. This may be due to unexpected tokenizer behavior, whitespace issues, or special token handling. Verify that the tokenizer is processing text consistently.
[RANK 0] Mismatch between tokenized prompt and the start of tokenized prompt+chosen. This may be due to unexpected tokenizer behavior, whitespace issues, or special token handling. Verify that the tokenizer is processing text consistently.
[RANK 0] Mismatch between tokenized prompt and the start of tokenized prompt+rejected. This may be due to unexpected tokenizer behavior, whitespace issues, or special token handling. Verify that the tokenizer is processing text consistently.
[RANK 0] Mismatch between tokenized prompt and the start of tokenized prompt+chosen. This may be due to unexpected tokenizer behavior, whitespace issues, or special token handling. Verify that the tokenizer is processing text consistently.
[RANK 0] Mismatch between tokenized prompt and the start of tokenized prompt+rejected. This may be due to unexpected tokenizer behavior, whitespace issues, or special token handling. Verify that the tokenizer is processing text consistently.
[RANK 0] Mismatch between tokenized prompt and the start of tokenized prompt+chosen. This may be due to unexpected tokenizer behavior, whitespace issues, or special token handling. Verify that the tokenizer is processing text consistently.
[RANK 0] Mismatch between tokenized prompt and the start of tokenized prompt+rejected. This may be due to unexpected tokenizer behavior, whitespace issues, or special token handling. Verify that the tokenizer is processing text consistently.
[RANK 0] Mismatch between tokenized prompt and the start of tokenized prompt+chosen. This may be due to unexpected tokenizer behavior, whitespace issues, or special token handling. Verify that the tokenizer is processing text consistently.
[RANK 0] Mismatch between tokenized prompt and the start of tokenized prompt+rejected. This may be due to unexpected tokenizer behavior, whitespace issues, or special token handling. Verify that the tokenizer is processing text consistently.
Tokenizing train dataset: 100%|██████████| 264/264 [00:00<00:00, 851.80 examples/s]
Training...
[transformers] The tokenizer has new PAD/BOS/EOS tokens that differ from the model config and generation config. The model config and generation config were aligned accordingly, being updated with the tokenizer's values. Updated tokens: {'bos_token_id': None, 'pad_token_id': 151643}.
  0%|          | 0/17 [00:00<?, ?it/s]  6%|▌         | 1/17 [00:05<01:33,  5.82s/it] 12%|█▏        | 2/17 [00:10<01:20,  5.39s/it] 18%|█▊        | 3/17 [00:16<01:13,  5.26s/it] 24%|██▎       | 4/17 [00:21<01:07,  5.17s/it] 29%|██▉       | 5/17 [00:26<01:02,  5.18s/it] 35%|███▌      | 6/17 [00:31<00:56,  5.17s/it] 41%|████      | 7/17 [00:36<00:51,  5.12s/it] 47%|████▋     | 8/17 [00:41<00:45,  5.03s/it] 53%|█████▎    | 9/17 [00:46<00:40,  5.02s/it] 59%|█████▉    | 10/17 [00:51<00:35,  5.03s/it]                                               {'loss': '0.9412', 'grad_norm': '4.008', 'learning_rate': '2.5e-05', 'entropy': '2.697', 'num_tokens': '8.769e+04', 'logits/chosen': '1.78', 'logits/rejected': '1.741', 'mean_token_accuracy': '0.3574', 'rewards/chosen': '-1.557', 'rewards/rejected': '-1.347', 'rewards/accuracies': '0.4562', 'rewards/margins': '-0.2106', 'logps/chosen': '-307.7', 'logps/rejected': '-281.4', 'epoch': '0.6061'}
 59%|█████▉    | 10/17 [00:51<00:35,  5.03s/it] 65%|██████▍   | 11/17 [00:56<00:30,  5.10s/it] 71%|███████   | 12/17 [01:01<00:25,  5.04s/it] 76%|███████▋  | 13/17 [01:06<00:20,  5.05s/it] 82%|████████▏ | 14/17 [01:11<00:15,  5.02s/it] 88%|████████▊ | 15/17 [01:16<00:10,  5.05s/it] 94%|█████████▍| 16/17 [01:21<00:05,  5.07s/it]100%|██████████| 17/17 [01:24<00:00,  4.26s/it]                                               {'train_runtime': '84.39', 'train_samples_per_second': '3.128', 'train_steps_per_second': '0.201', 'train_loss': '0.9376', 'entropy': '2.69', 'num_tokens': '1.434e+05', 'logits/chosen': '1.695', 'logits/rejected': '1.761', 'mean_token_accuracy': '0.3747', 'rewards/chosen': '-1.32', 'rewards/rejected': '-1.088', 'rewards/accuracies': '0.4038', 'rewards/margins': '-0.2322', 'logps/chosen': '-334.9', 'logps/rejected': '-273.3', 'epoch': '1'}
100%|██████████| 17/17 [01:24<00:00,  4.26s/it]100%|██████████| 17/17 [01:24<00:00,  4.96s/it]
  Adapter saved to outputs/adapters/divpo_v2_1p5b/cross_domain_analogist

All done.
